0:0:0.5,13.06,-4.28,-19.19
0:0:0.14,3.58,55.23,15.88
0:0:0.25,-56.78,-30.8,24.86
0:0:0.35,90.52,21.67,-3.72
0:0:0.45,15.62,24.41,3.16
0:0:0.85,-45.83,-24.08,-8.89
0:0:0.95,33.69,5.84,10.17
0:0:1.5,10.14,-22.23,3.66
0:0:1.14,-2.62,33.64,12.5
0:0:1.54,-6.52,-59.97,-6.84
0:0:1.64,-32.25,134.83,22.77
0:0:1.83,-15.06,54.56,-57.91
0:0:2.60,26.52,-6.92,-27.69
0:0:2.80,-201.53,74.03,76.48
0:0:3.0,-49.39,74.22,-17.56
0:0:3.9,9.0,-149.72,-29.77
0:0:4.14,16.36,108.47,2.58
0:0:4.63,-6.55,-9.05,6.77
0:0:5.1,14.16,-32.5,-9.88
0:0:5.44,-1.97,4.2,1.98
0:0:5.54,8.2,-5.17,4.39
0:0:5.64,-6.2,52.28,-10.91
0:0:5.93,-1.77,-0.17,7.56
0:0:6.4,9.53,-32.42,-6.02
0:0:6.13,-4.22,-89.08,5.95
0:0:6.23,-3.91,163.77,-23.31
0:0:6.33,-15.31,-65.11,8.53
0:0:6.63,5.81,24.95,6.56
0:0:7.20,7.75,-71.55,9.17
0:0:7.40,35.72,-29.08,10.67
0:0:7.51,-17.59,-13.38,-7.86
0:0:7.70,-5.92,3.23,-8.83
0:0:8.8,-0.23,-11.16,-7.58
0:0:8.47,6.0,-8.61,-7.23
0:0:8.57,5.09,-12.95,7.02
0:0:8.67,-6.69,-13.61,1.33
0:0:8.77,-3.83,42.23,-4.14
0:0:9.7,0.52,-23.91,-4.45
0:0:9.26,7.47,-7.66,-2.39
0:0:9.46,0.84,-7.83,1.23
0:0:9.56,2.92,-28.92,3.31
0:0:9.66,-3.41,12.67,2.12
0:0:9.77,25.98,-36.94,6.5
0:0:9.87,-30.69,38.28,22.62
0:0:9.97,11.38,-36.42,-14.31
0:0:10.7,-5.59,-22.38,9.23
0:0:10.28,25.05,77.61,12.33
0:0:10.39,5.66,-29.47,-15.78
0:0:10.82,5.0,-2.66,1.89
0:0:11.3,-59.91,-160.67,-15.22
0:0:11.13,62.89,10.56,30.64
0:0:11.25,105.66,-516.36,-15.16
0:0:11.57,26.02,-73.92,-40.41
0:0:11.68,16.61,22.2,67.52
0:0:11.79,6.25,-362.83,-134.19
0:0:11.90,69.16,102.48,126.64
0:0:12.2,-10.92,18.39,-87.31
0:0:12.43,2.27,39.77,24.59
0:0:12.66,-45.45,-23.31,-17.22
0:0:12.77,45.31,-136.27,-35.09
0:0:12.88,-44.36,206.14,29.34
0:0:13.9,-5.3,-32.02,-22.58
0:0:13.19,-14.67,106.34,45.11
0:0:13.94,6.83,-24.89,16.58
0:0:14.15,-25.23,90.83,10.94
0:0:14.47,-5.09,147.62,26.19
0:0:14.58,48.97,157.59,-44.03
0:0:14.91,19.5,-143.22,58.55
0:0:15.22,10.56,-1.73,-86.64001
0:0:15.54,10.83,45.09,23.64
0:0:16.7,89.92,-39.56,-19.14
0:0:16.28,3.02,-93.73,-161.2
0:0:16.81,6.48,290.83,204.42
0:0:17.65,3.61,24.67,-25.83
0:0:18.39,-0.95,-3.56,35.31
0:0:18.83,-33.12,371.2,-18.28
0:0:19.66,-12.28,-20.09,60.86
0:0:19.99,74.62,-279.89,-63.66
0:0:21.14,-74.86,5.05,106.14
0:0:21.68,26.45,326.75,-172.44
0:0:22.30,-34.59,-100.23,56.61
0:0:22.83,33.77,61.33,-150.23
0:0:23.15,-19.56,14.69,61.77
0:0:23.68,51.88,71.8,-94.61
0:0:24.20,-104.47,12.66,103.56
0:0:24.74,-10.95,-36.02,-83.30001
0:0:24.85,-32.53,1.58,93.23001
0:0:25.16,1.3,-100.31,-59.88
0:0:25.80,-8.42,-46.0,24.61
0:0:26.65,11.06,39.05,-27.58
0:0:26.96,-18.78,14.33,15.58
0:0:28.12,-42.8,-52.83,51.61
0:0:28.33,-0.19,-11.75,-80.30001
0:0:29.38,54.44,130.52,-87.92
0:0:30.44,19.02,18.56,-67.3
0:0:31.17,17.7,52.48,53.27
0:0:31.28,-7.28,-9.78,-36.69
0:0:31.60,69.83,38.23,26.08
0:0:31.72,-36.75,7.64,24.73
0:0:32.66,-28.23,-118.67,-20.66
0:0:32.98,-13.02,22.58,22.44
0:0:33.52,-1.55,-23.41,-28.83
0:0:33.84,-79.78,-8.0,56.67
0:0:34.15,81.48001,69.34,-24.84
0:0:34.26,-30.55,26.62,39.33
0:0:34.59,54.17,-79.45,-143.28
0:0:34.80,-94.45,-129.05,164.69
0:0:35.22,76.05,115.62,-58.5
0:0:35.34,-65.3,-74.58,58.59
0:0:35.76,-51.95,-28.7,-40.7
0:0:35.98,57.12,25.75,36.14
0:0:36.41,208.48,34.09,-160.77
0:0:36.62,-191.8,196.92,169.31
0:0:36.85,-282.34,212.36,-93.94
0:0:37.16,79.61,-246.88,31.14
0:0:37.69,-94.5,92.78,-28.39
0:0:38.74,11.2,34.81,12.67
0:0:38.96,-20.67,-54.53,-19.86
0:0:39.38,37.2,13.7,9.67
0:0:40.22,-70.25,-58.98,-52.11
0:0:40.44,179.31,10.0,45.17
0:0:40.76,9.97,-133.39,-48.38
0:0:41.8,-81.62001,108.2,-55.39
0:0:42.23,16.28,-11.91,18.92
0:0:42.55,274.11,-74.56,-158.16
0:0:42.88,361.92,-332.55,701.33
0:0:43.29,265.78,142.88,303.28
0:0:43.41,12.98,19.48,7.44
0:0:43.83,-0.09,0.2,0.12
0:0:47.51,-0.91,-1.83,-1.2
0:0:47.74,-149.2,294.64,182.38
0:0:47.85,307.34,-269.02,71.03
0:0:47.96,-170.73,280.52,-39.86
0:0:48.16,23.75,22.83,-21.25
0:0:48.27,82.14,33.94,47.47
0:0:48.38,-103.03,10.64,-22.69
0:0:48.71,9.09,-73.02,20.14
0:0:48.82,38.59,-151.02,-11.14
0:0:49.4,-20.09,77.45,82.44
0:0:49.14,8.09,-30.61,-35.14
0:0:50.31,-412.7,101.28,118.91
0:0:50.84,10.22,-46.28,-16.56
0:0:50.95,-111.33,18.88,51.58
0:0:51.10,510.75,315.28,62.78
0:0:51.32,-50.7,-201.25,-135.56
0:0:51.64,-144.61,-1.62,95.75
0:0:51.75,-3.81,-100.64,-103.06
0:0:51.86,-10.77,57.69,159.12
0:0:52.8,228.77,42.86,-62.8
0:0:52.19,94.72,50.59,75.62
0:0:52.40,301.53,128.05,-156.48
0:0:52.83,-63.17,0.52,32.2
0:0:53.14,13.23,1.67,-42.05
0:0:53.25,-25.8,-136.58,60.23
0:0:53.47,19.77,-39.48,-36.89
0:0:53.58,203.55,-126.09,104.77
0:0:54.43,147.34,99.34,-4.58
0:0:58.20,0.25,-0.02,0.25
0:1:0.67,131.3,10.91,-512.19
0:1:0.87,-14.2,12.75,-66.22
0:1:0.97,13.64,18.14,-95.7
0:1:1.25,54.58,2.28,38.67
0:1:1.45,399.45,85.48,-58.94
0:1:1.65,8.38,49.27,153.19
0:1:1.75,80.80001,122.0,-83.11
0:1:2.13,-306.23,-89.81,81.47
0:1:2.53,101.42,-160.8,198.53
0:1:2.82,-80.61,6.94,82.53
0:1:3.20,64.19,69.95,-151.06
0:1:4.74,-76.56,135.09,-55.64
0:1:5.3,-124.98,42.02,-211.5
0:1:5.12,163.41,-53.42,146.02
0:1:5.42,-293.08,90.98001,-109.03
0:1:5.72,-6.81,28.17,-162.17
0:1:5.91,-24.27,-45.36,73.47
0:1:6.30,-104.08,-92.53,-250.11
0:1:6.78,-683.95,-99.73001,225.5
0:1:7.8,245.41,-71.55,-106.28
0:1:7.56,-104.67,-80.84,178.64
0:1:7.95,86.8,-38.27,-160.64
0:1:8.53,-130.28,-14.95,208.02
0:1:9.1,217.72,-25.08,-175.58
0:1:9.39,-24.91,-4.12,244.22
0:1:9.88,89.61,-18.81,-259.53
0:1:10.38,-170.22,95.66001,271.02
0:1:11.65,-105.78,16.72,-111.08
0:1:12.17,-100.25,26.45,207.5
0:1:12.71,75.7,14.02,-309.91
0:1:13.65,18.23,56.56,-231.45
0:1:14.60,7.0,-37.38,-176.44
0:1:15.54,134.58,-51.77,-205.56
0:1:16.8,-153.36,-12.61,110.67
0:1:16.50,81.66,-31.36,-200.89
0:1:17.3,-184.33,-17.09,114.69
0:1:17.45,127.73,-17.03,-173.72
0:1:17.98,-157.59,-33.94,137.48
0:1:18.40,89.78,-17.84,-175.38
0:1:18.83,-126.55,80.75,309.3
0:1:19.36,80.19,-21.11,-209.11
0:1:19.78,-213.11,8.8,290.53
0:1:20.31,-91.11,-45.27,-289.25
0:1:20.42,108.09,-26.44,308.78
0:1:20.95,5.44,32.98,-57.92
0:1:21.26,-31.42,-5.47,46.17
0:1:21.59,-237.88,-165.91,-52.67
0:1:22.32,-18.55,-43.64,-173.88
0:1:22.64,251.23,28.77,93.2
0:1:23.91,-80.81,-8.22,106.44
0:1:24.22,87.56,-47.5,-91.03
0:1:24.54,-134.48,98.55,298.47
0:1:24.65,88.41001,-39.11,-50.7
0:1:25.60,182.75,-112.06,-195.38
0:1:25.93,264.94,-135.77,103.16
0:1:26.13,55.52,8.28,-136.31
0:1:26.24,-211.36,142.12,35.03
0:1:26.35,135.91,-208.38,-91.83001
0:1:26.46,-85.88,102.89,83.42
0:1:26.58,124.17,-74.61,-109.42
0:1:26.69,-189.58,127.14,140.06
0:1:26.80,27.62,-112.81,-93.12
0:1:26.91,56.16,8.72,84.22
0:1:27.12,67.02,20.3,-97.88
0:1:27.23,-187.06,101.88,51.11
0:1:27.66,137.72,-150.02,-191.48
0:1:28.9,100.78,144.55,443.83
0:1:28.61,133.05,-73.61,-215.53
0:1:29.35,-189.36,158.31,-238.91
0:1:29.78,75.09,68.58,289.16
0:1:30.10,78.05,-50.16,-339.06
0:1:30.53,-34.64,3.44,289.47
0:1:31.6,78.89,-42.17,-229.95
0:1:31.48,-20.42,102.48,283.52
0:1:32.1,122.5,-29.77,-197.36
0:1:32.43,40.69,91.16,372.05
0:1:33.38,-116.75,36.38,196.12
0:1:33.91,187.23,-2.75,-202.64
0:1:34.33,-45.12,-2.22,370.62
0:1:34.54,-86.34,69.88,-953.23
0:1:34.66,95.41,-44.19,973.2
0:1:35.18,-5.94,14.16,22.77
0:1:35.29,24.5,-21.45,-28.45
0:1:35.51,-40.05,-2.97,19.7
0:1:35.62,27.78,-43.2,-17.38
0:1:35.73,-25.48,42.98,36.7
0:1:35.84,-44.27,4.38,-51.41
0:1:35.95,-79.08,22.42,87.41
0:1:36.27,126.98,28.0,-189.22
0:1:37.11,-240.95,30.69,184.11
0:1:37.54,220.05,-16.7,-274.02
0:1:37.97,-265.88,121.16,374.36
0:1:38.39,140.53,-117.53,-250.73
0:1:38.92,-387.56,252.83,114.03
0:1:39.34,126.36,5.2,-290.25
0:1:39.77,-80.92,118.86,391.34
0:1:40.29,159.52,0.0,-294.81
0:1:40.82,-234.73,45.45,225.91
0:1:41.25,136.53,84.7,-320.67
0:1:41.77,-201.27,127.88,164.62
0:1:41.89,73.45,-149.05,-710.6699
0:1:42.10,77.42,139.61,828.52
0:1:42.31,88.48001,-110.73,46.5
0:1:42.42,-59.86,0.3,35.89
0:1:42.65,-34.33,49.8,-46.92
0:1:43.38,-135.19,18.83,-63.62
0:1:43.49,5.55,-113.08,65.48
0:1:44.75,-297.23,175.58,144.27
0:1:46.11,187.88,-101.69,-239.41
0:1:46.54,-39.45,98.59,354.45
0:1:47.8,113.88,-73.55,-165.56
0:1:47.49,-69.14,114.86,381.86
0:1:48.44,-229.36,46.36,107.33
0:1:48.87,257.33,-30.08,-196.69
0:1:49.29,-230.28,152.3,354.02
0:1:49.81,176.45,-38.39,-278.58
0:1:50.24,-149.97,173.12,190.75
0:1:50.67,197.83,-109.0,-265.42
0:1:51.61,231.55,-121.53,-311.09
0:1:52.4,-257.28,158.25,254.77
0:1:52.49,128.86,-13.14,-304.77
0:1:52.93,-174.88,31.09,255.48
0:1:53.34,195.28,-37.14,-293.95
0:1:53.77,-137.45,-81.51999,191.53
0:1:54.29,193.53,-48.33,-281.02
0:1:54.62,-184.12,6.3,303.3
0:1:55.14,78.17,11.88,-208.52
0:1:55.57,-122.3,50.7,323.72
0:1:56.9,118.61,1.02,-251.2
0:1:56.51,-296.7,45.59,163.12
0:1:56.94,160.34,-16.3,-240.28
0:1:57.36,-9.03,-26.59,76.33
0:1:57.89,190.0,-114.5,-76.36
0:1:58.31,-4.14,37.34,77.53
0:1:58.74,-22.44,-4.94,-149.05
0:1:59.26,-160.78,49.58,210.03
0:1:59.69,148.41,33.52,-294.09
0:2:0.68,83.83,15.12,-157.67
0:2:1.35,-46.53,4.58,21.22
0:2:2.3,59.08,38.17,-140.55
0:2:2.60,-75.47,57.88,92.02
0:2:3.9,79.42,-59.45,-170.61
0:2:3.57,-256.89,237.81,110.14
0:2:4.91,-2.72,-90.02,-91.98001
0:2:5.39,-105.69,-0.27,158.25
0:2:5.78,131.42,28.02,-167.3
0:2:6.64,-26.95,17.28,61.77
0:2:7.31,22.2,109.55,-72.8
0:2:7.51,103.88,-26.47,-22.34
0:2:7.71,-139.95,270.94,-168.64
0:2:8.1,0.02,-156.3,508.91
0:2:8.10,1008.3,178.09,-427.44
0:2:8.49,-129.16,10.81,-17.95
0:2:8.78,119.84,-15.12,-57.94
0:2:8.89,-71.19,127.94,16.88
0:2:9.9,148.11,-140.41,-129.09
0:2:9.28,-293.08,-89.5,27.78
0:2:9.67,299.61,174.52,183.36
0:2:9.77,111.77,-41.23,-119.27
0:2:10.27,244.34,251.34,-285.38
0:2:10.38,194.95,401.8,252.89
0:2:10.49,-132.8,1.55,-552.22
0:2:10.92,122.44,221.61,-57.91
0:2:11.12,-117.86,-105.92,53.91
0:2:11.45,-309.81,-81.72,49.97
0:2:11.56,-46.11,-223.2,-148.48
0:2:11.67,118.0,230.11,-72.59
0:2:11.78,-212.03,355.5,128.84
0:2:12.10,-217.88,-147.89,103.02
0:2:12.42,237.64,-60.48,-43.03
0:2:12.53,-44.59,121.7,28.23
0:2:12.64,-67.14,-97.19001,-112.86
0:2:12.97,14.09,109.53,151.02
0:2:13.17,35.41,-112.83,-121.81
0:2:13.28,25.59,177.53,-10.14
0:2:13.61,-26.84,-32.12,-46.2
0:2:14.66,51.12,24.19,38.73
0:2:14.87,8.78,25.44,-8.14
0:2:14.99,-12.33,-12.61,-12.95
0:2:15.21,1.8,-8.41,-3.77
0:2:15.32,4.16,14.41,5.62
0:2:15.63,0.44,-2.45,-0.56
0:2:15.75,1.7,1.89,1.23
0:2:15.97,-0.78,-0.92,-1.7
0:2:16.8,1.03,-0.64,0.67
0:2:16.39,0.55,-0.23,1.47
0:2:16.51,1.02,-1.55,-1.84
0:2:17.55,-0.36,0.25,-0.44
0:2:17.66,-0.08,-0.05,0.12
0:2:17.78,0.08,0.0,-0.31
0:2:17.90,0.42,0.67,0.38
0:2:18.21,-0.8,-1.7,-0.75
0:2:18.64,-0.09,0.31,-0.39
0:2:18.75,0.2,-0.27,0.16
0:2:23.15,-0.61,-1.59,-0.58
0:2:23.89,0.55,-0.58,0.34
0:2:24.94,-0.64,1.27,-0.36
0:2:25.57,-1.33,-3.5,-0.41
0:2:25.79,0.2,-2.23,3.72
0:2:26.10,-2.16,-2.8,-3.95
0:2:26.21,1.16,2.7,1.03
0:2:26.43,5.05,-11.11,-0.59
0:2:26.54,4.14,4.62,0.58
0:2:27.27,0.02,1.56,1.02
0:2:28.54,-3.08,-5.77,-1.33
0:2:29.27,-20.52,-41.14,-11.45
0:2:29.38,22.53,7.03,11.27
0:2:29.61,-18.78,-61.81,-35.72
0:2:29.72,-18.28,37.02,18.25
0:2:29.83,93.25,33.31,-57.3
0:2:30.14,16.94,-5.7,-11.25
0:2:30.26,-6.64,19.2,10.97
0:2:30.58,-4.31,3.06,6.53
0:2:31.1,8.05,11.3,4.22
0:2:31.32,-28.03,-82.80001,-16.86
0:2:31.85,-1.86,56.17,18.66
0:2:31.96,-0.94,-13.89,-13.03
0:2:32.38,-33.25,-3.34,25.19
0:2:32.60,-2.03,-143.25,-93.59
0:2:33.2,89.73001,61.03,43.61
0:2:33.12,-27.45,-86.23,-35.25
0:2:34.60,-2.72,4.97,5.27
0:2:35.23,36.28,28.83,14.91
0:2:35.45,-37.31,-49.55,-10.95
0:2:35.66,28.2,52.23,24.05
0:2:36.9,-26.64,9.77,-40.52
0:2:36.30,9.58,-12.38,33.55
0:2:37.25,-0.17,4.22,1.98
0:2:38.20,-0.77,-0.84,-1.91
0:2:38.32,1.34,3.2,2.08
0:2:38.85,-2.08,0.67,2.06
0:2:39.7,-10.91,-32.55,-17.69
0:2:39.69,7.5,-24.7,22.05
0:2:39.92,-237.14,-88.17,-165.97
0:2:40.43,84.83001,69.7,45.11
0:2:40.55,-3.22,-60.02,-71.77
0:2:40.87,-91.84,-6.25,63.78
0:2:41.18,187.64,140.23,76.39
0:2:41.30,24.36,92.83999,-61.47
0:2:41.51,7.09,88.02,50.16
0:2:41.62,150.81,13.66,-60.97
0:2:42.15,89.62001,169.33,-45.17
0:2:42.26,73.2,-8.02,-57.7
0:2:42.37,7.03,-28.19,48.86
0:2:42.48,-53.62,133.64,28.52
0:2:42.59,87.19001,-64.14,-88.52
0:2:43.2,-54.28,-107.91,-138.86
0:2:43.12,169.45,18.28,69.8
0:2:43.23,50.69,76.94,-61.81
0:2:43.35,48.22,-104.91,34.48
0:2:43.46,-34.3,71.47,-28.66
0:2:43.68,-41.5,-76.88,80.48
0:2:44.9,-291.56,154.2,-184.73
0:2:44.31,123.42,137.7,5.78
0:2:44.42,43.66,-129.53,-76.27
0:2:44.74,-270.08,-47.03,58.44
0:2:44.85,-139.89,-135.25,-109.62
0:2:44.96,269.09,122.62,40.77
0:2:45.7,60.83,43.11,-63.16
0:2:45.17,74.81,67.42,57.84
0:2:45.29,-62.08,93.72001,13.14
0:2:45.65,-190.56,-55.91,25.42
0:2:45.97,-76.97,36.67,-111.48
0:2:46.18,80.06,57.69,41.92
0:2:46.29,-9.31,-58.17,-79.73001
0:2:46.51,-4.83,-166.59,19.53
0:2:47.4,36.75,3.42,-38.86
0:2:47.46,-24.56,-175.7,59.62
0:2:47.89,206.23,-115.02,-43.97
0:2:48.10,43.3,62.45,-4.31
0:2:48.21,126.61,-147.98,-79.06
0:2:48.42,-26.91,-175.47,72.33
0:2:48.53,-232.34,-68.27,38.22
0:2:48.86,134.12,-142.36,-46.8
0:2:48.97,54.39,13.88,49.38
0:2:49.8,-52.41,201.3,36.94
0:2:49.18,159.11,13.12,-84.42
0:2:49.40,-65.22,-103.52,38.67
0:2:49.62,6.97,-46.16,-155.89
0:2:49.94,1.17,15.44,61.92
0:2:50.36,-92.58,-109.84,33.44
0:2:50.58,97.66001,112.27,-158.28
0:2:50.69,-201.61,27.47,-79.91001
0:2:51.1,121.14,-50.73,-52.41
0:2:51.22,-46.48,-161.98,79.27
0:2:51.65,-269.25,85.98001,-108.5
0:2:51.87,110.75,241.08,13.75
0:2:51.98,73.98,-134.62,-33.0
0:2:52.29,-220.7,-70.61,44.98
0:2:52.51,224.97,23.58,37.33
0:2:52.62,78.27,-51.23,-52.66
0:2:53.14,-40.2,-156.55,52.98
0:2:53.67,59.33,-58.64,-46.84
0:2:53.79,117.53,-26.97,46.16
0:2:53.90,-62.34,109.56,-27.62
0:2:54.11,-17.72,-15.78,18.92
0:2:55.16,-35.45,-56.34,-72.2
0:2:55.48,25.42,66.41,70.69
0:2:55.60,16.81,6.31,-15.23
0:2:56.12,-2.42,13.05,10.03
0:2:56.44,-2.31,-2.42,3.08
0:2:56.77,2.8,-15.19,-14.48
0:2:57.18,3.67,-9.84,-7.02
0:2:57.29,-1.97,5.55,3.16
0:2:57.41,1.86,0.28,-1.89
0:2:57.52,0.16,2.41,1.8
0:2:58.15,4.77,-10.11,-6.55
0:2:58.68,-1.81,3.72,3.03
0:2:59.21,-1.48,-4.38,-2.16
0:2:59.52,-1.12,7.05,2.25
0:3:0.24,-0.3,0.53,-0.69
0:3:0.45,-0.91,1.59,0.95
0:3:0.55,0.0,0.77,0.7
0:3:1.12,0.02,-0.12,-0.52
0:3:1.32,0.27,-0.23,-0.12
0:3:1.71,-0.12,1.56,1.11
0:3:2.1,3.91,-1.02,-1.38
0:3:2.10,-0.62,0.08,1.53
0:3:2.78,0.48,0.12,0.86
0:3:3.7,1.12,-0.95,-1.08
0:3:3.36,-0.17,1.33,0.83
0:3:3.75,-0.06,-0.36,0.03
0:3:3.85,-0.62,0.84,0.31
0:3:4.52,0.14,-1.27,-0.69
0:3:4.62,0.86,1.09,0.34
0:3:5.48,0.28,-0.33,-0.5
0:3:6.7,0.19,5.61,2.97
0:3:6.55,-1.25,-1.36,1.09
0:3:6.65,0.9700001,-1.78,-1.61
0:3:6.75,-1.47,2.19,1.8
0:3:6.85,0.41,0.38,-0.55
0:3:7.24,-0.38,0.92,4.8
0:3:7.92,-0.17,-3.75,-3.11
0:3:8.39,0.19,3.84,2.78
0:3:8.88,-0.02,-2.36,-1.28
0:3:9.8,-0.23,0.73,0.34
0:3:9.37,0.22,-0.84,-0.25
0:3:9.57,-0.09,0.67,0.16
0:3:12.65,-0.34,0.12,0.12
0:3:12.76,0.09,0.02,0.27
0:3:12.88,0.41,0.38,-0.09
0:3:12.99,0.84,0.7,0.72
0:3:13.41,-0.91,2.36,1.73
0:3:13.74,1.11,-8.42,-3.73
0:3:14.6,-0.84,2.8,1.05
0:3:14.27,0.58,-2.86,-0.78
0:3:14.59,-1.45,4.2,1.97
0:3:14.70,1.94,-3.53,-5.7
0:3:15.2,-0.06,1.5,0.77
0:3:15.13,0.02,-0.94,-0.72
0:3:15.55,-0.41,0.59,1.3
0:3:16.9,-0.53,-0.52,-0.59
0:3:16.19,0.31,0.77,0.58
0:3:16.40,0.2,-0.61,-0.39
0:3:17.46,0.89,0.3,-0.48
0:3:18.0,0.55,-0.47,-0.38
0:3:18.51,0.0,-0.52,-0.91
0:3:19.88,-25.73,0.05,-41.62
0:3:20.32,22.84,76.78,53.08
0:3:21.36,-2.5,-41.91,57.36
0:3:21.47,-59.7,66.05,-40.73
0:3:21.91,-165.3,-95.52,77.98
0:3:22.22,-127.88,25.48,-63.48
0:3:22.54,-30.88,-42.47,-14.34
0:3:22.96,-215.05,-113.84,82.42
0:3:23.7,-204.86,-67.78,-159.48
0:3:23.18,187.06,188.11,87.06
0:3:23.50,-28.31,178.5,13.02
0:3:23.61,105.47,56.41,-45.38
0:3:23.83,-16.33,-154.27,48.78
0:3:23.95,-231.42,-78.92,46.83
0:3:24.26,10.92,63.81,-74.72
0:3:24.59,91.69001,-108.59,-60.34
0:3:25.21,-110.42,32.5,-101.2
0:3:25.54,-53.78,-135.58,-64.52
0:3:25.85,-207.88,-60.61,39.16
0:3:26.17,-59.61,-8.02,-72.97
0:3:26.49,137.28,-42.02,-39.58
0:3:26.71,-23.53,-169.42,39.02
0:3:26.82,-237.78,-89.45,54.8
0:3:27.4,286.86,73.92,52.11
0:3:27.14,-20.88,-57.67,-86.72
0:3:27.35,152.61,317.33,38.5
0:3:27.46,93.66,-67.19,-45.69
0:3:27.69,-20.78,-187.83,20.08
0:3:27.80,-164.16,-54.64,27.14
0:3:28.21,61.81,230.92,-23.83
0:3:28.43,-133.64,81.92,52.95
0:3:28.54,110.7,96.47,-14.61
0:3:28.65,-18.11,-65.8,20.06
0:3:28.77,-95.42,-55.16,26.84
0:3:29.19,0.61,203.89,-46.89
0:3:29.40,-368.41,-375.05,180.88
0:3:29.62,-27.67,-69.22,-51.75
0:3:30.5,18.95,38.16,77.06
0:3:30.25,-104.81,-435.72,-185.22
0:3:30.36,-123.36,298.92,23.2
0:3:30.59,131.25,-90.61,-25.19
0:3:30.90,-88.94,-188.97,102.2
0:3:31.22,258.22,63.19,-119.77
0:3:31.33,-241.0,206.52,-128.44
0:3:31.55,-65.27,-15.28,50.33
0:3:31.66,96.42,-30.02,-74.98001
0:3:31.87,-131.77,-170.2,52.78
0:3:31.99,-182.2,-104.11,27.3
0:3:32.14,-202.28,-105.94,-102.75
0:3:32.36,72.7,-57.38,-71.94
0:3:32.57,-66.03,255.03,30.62
0:3:32.69,122.38,73.97,-75.44
0:3:33.1,-226.64,-70.73,14.7
0:3:33.32,-122.47,275.47,-108.38
0:3:33.44,-30.31,107.19,30.47
0:3:33.65,70.98001,-52.91,-69.36
0:3:33.97,15.39,-114.95,24.09
0:3:34.18,-204.25,-61.16,-123.77
0:3:34.29,198.47,238.44,82.41
0:3:34.61,1.89,236.17,34.44
0:3:34.72,70.38,-92.48,-66.94
0:3:35.5,-174.28,-64.5,27.17
0:3:35.26,172.33,94.62001,-102.08
0:3:35.37,-245.34,103.14,-99.44
0:3:35.69,-90.42,60.52,63.39
0:3:35.80,86.11,130.75,-81.34
0:3:35.91,-117.47,-149.31,77.5
0:3:36.22,-104.34,-20.55,-80.23001
0:3:36.33,249.05,202.19,84.88
0:3:36.45,89.2,16.28,-60.92
0:3:36.67,-35.42,144.95,43.38
0:3:36.78,135.2,81.7,-55.53
0:3:37.10,-212.03,-65.58,34.11
0:3:37.42,-151.09,344.44,-64.39
0:3:38.37,173.94,266.98,30.45
0:3:38.48,54.22,63.53,-43.23
0:3:38.70,-25.88,259.28,58.44
0:3:38.81,99.16,-69.88,-66.77
0:3:39.12,-115.2,-95.11001,19.95
0:3:39.45,11.25,305.92,-63.08
0:3:39.97,-119.47,-143.78,74.58
0:3:40.29,-212.56,-171.69,-174.83
0:3:40.41,-32.17,45.89,58.44
0:3:40.72,-163.3,41.81,5.5
0:3:41.15,-147.25,-53.89,47.66
0:3:41.47,-252.55,23.53,-131.61
0:3:41.79,-129.0,80.45,57.94
0:3:41.90,144.39,43.0,-49.56
0:3:42.85,86.09,8.0,-18.03
0:3:43.7,-100.2,-118.84,73.25
0:3:43.38,11.39,-54.16,-146.55
0:3:43.81,-14.38,217.0,59.67
0:3:43.92,153.97,53.36,-50.7
0:3:44.23,-162.62,-97.98,52.48
0:3:44.56,-388.77,-19.88,-162.09
0:3:44.88,-3.92,184.41,26.62
0:3:45.19,-37.53,-150.66,48.48
0:3:45.41,-25.39,-49.08,-139.03
0:3:45.83,8.53,99.78,52.91
0:3:45.95,127.7,158.75,-42.0
0:3:46.26,-211.19,-94.89,56.55
0:3:46.58,81.73,282.77,-67.64
0:3:46.80,4.86,183.14,46.39
0:3:46.91,46.81,-50.98,-51.53
0:3:47.22,-89.98,-76.81,35.69
0:3:47.44,134.31,52.64,-101.41
0:3:47.55,-193.02,72.25,-100.39
0:3:48.19,11.83,-111.86,17.41
0:3:48.40,-120.09,13.67,-158.36
0:3:48.51,107.0,78.72,55.94
0:3:48.84,-57.61,127.84,22.5
0:3:49.15,27.53,-165.7,38.73
0:3:49.26,-192.77,-43.97,38.78
0:3:49.47,207.98,-37.31,-98.59
0:3:49.59,-366.73,149.66,-115.7
0:3:49.91,-41.23,4.14,53.16
0:3:50.2,93.33,75.75,-38.98
0:3:50.34,-163.03,-112.92,39.33
0:3:50.66,151.09,169.64,-34.53
0:3:50.88,11.34,202.42,46.73
0:3:50.99,-5.0,-31.97,-50.8
0:3:51.21,-35.89,-174.61,48.34
0:3:51.53,-152.97,51.77,-154.08
0:3:51.96,-44.3,181.47,37.41
0:3:52.7,140.36,31.66,-19.44
0:3:52.27,1.84,-153.92,35.42
0:3:52.60,65.69,19.03,-182.42
0:3:52.71,-104.62,26.61,-31.19
0:3:53.45,-191.69,-59.08,51.59
0:3:53.77,-253.36,58.75,-126.52
0:3:54.9,-160.36,52.11,18.2
0:3:54.19,99.69001,-11.78,-50.16
0:3:54.51,-166.69,-92.7,48.89
0:3:55.5,66.41,86.50001,12.84
0:3:55.15,127.88,-88.64,-47.34
0:3:55.69,12.66,29.22,-168.36
0:3:55.80,-105.7,18.2,-18.09
0:3:56.22,177.98,23.91,-47.61
0:3:56.43,-7.56,-137.86,29.52
0:3:56.54,-153.34,-77.59,42.89
0:3:56.86,-276.48,208.64,-146.69
0:3:57.18,-44.14,13.28,13.22
0:3:57.71,-189.38,-19.38,-144.48
0:3:57.82,236.17,108.05,93.06
0:3:57.94,27.72,59.69,-51.27
0:3:58.14,28.16,148.67,39.58
0:3:58.25,110.42,7.48,-67.05
0:3:58.47,-20.02,-119.84,36.09
0:3:58.58,-152.09,-76.89,41.55
0:3:58.91,-138.67,292.7,-72.81
0:3:59.12,29.72,-2.31,50.27
0:3:59.23,113.33,14.75,-48.14
0:3:59.76,72.27,-117.56,-174.59
0:4:0.17,9.52,36.44,59.3
0:4:0.27,50.55,54.08,-38.25
0:4:0.47,-8.05,-198.89,65.3
0:4:0.86,345.3,5.36,37.7
0:4:1.15,-91.23,-73.58,50.09
0:4:1.25,-21.81,79.41,15.59
0:4:1.64,-181.03,-59.75,49.56
0:4:1.93,-113.53,65.78,-63.36
0:4:2.13,-27.27,47.22,108.17
0:4:2.71,-193.44,-51.69,76.86
0:4:3.1,-238.64,-31.53,-130.61
0:4:3.19,-43.61,10.42,72.97
0:4:3.29,-5.58,171.89,18.78
0:4:3.59,-37.39,-175.28,48.98
0:4:3.89,-156.7,-32.16,-211.81
0:4:3.99,26.55,78.25,63.16
0:4:4.27,38.69,90.72001,61.47
0:4:4.38,29.22,-72.28,-39.78
0:4:4.77,-173.88,-81.17,106.92
0:4:5.6,1.88,76.14,-11.83
0:4:5.35,-47.69,-73.56,-110.62
0:4:5.45,61.02,0.75,61.03
0:4:5.55,19.36,-27.94,28.27
0:4:5.75,26.47,-121.16,-62.39
0:4:6.23,-4.95,-4.09,2.06
0:4:6.33,-3.06,-7.09,-5.22
0:4:6.82,-21.98,22.62,16.5
0:4:6.92,47.23,103.55,-12.7
0:4:7.2,-133.16,169.2,48.3
0:4:7.50,47.73,-37.98,-2.66
0:4:7.60,-17.22,-76.33,-39.03
0:4:7.70,33.08,19.84,13.66
0:4:7.84,-132.42,-82.47001,-85.59
0:4:7.94,-208.2,177.31,28.56
0:4:8.23,38.16,75.94,12.16
0:4:8.33,-6.75,-23.5,-4.75
0:4:8.43,-4.86,14.53,5.53
0:4:8.63,-13.36,-21.23,-7.95
0:4:8.83,-27.66,-47.39,9.75
0:4:8.93,-32.23,-3.3,-41.12
0:4:9.4,4.36,-0.25,20.16
0:4:9.13,211.39,-15.47,21.41
0:4:9.23,-336.16,-89.19001,-99.69001
0:4:9.33,384.08,50.52,-134.28
0:4:9.53,-36.34,-468.61,503.23
0:4:9.64,193.41,598.61,-472.8
0:4:10.44,-474.81,-110.98,209.09
0:4:10.65,-79.08,-104.36,-166.98
0:4:10.76,-62.94,-90.5,46.23
0:4:10.87,-100.98,-16.69,39.14
0:4:11.31,114.8,-104.17,-65.88
0:4:11.84,-92.76999,-77.38,-43.34
0:4:12.68,-96.17,-105.67,29.19
0:4:13.9,35.31,20.33,-111.97
0:4:13.19,-28.89,-299.64,96.81
0:4:13.63,-32.81,297.67,54.11
0:4:14.26,101.5,16.16,-40.52
0:4:14.90,-16.8,1.16,24.16
0:4:15.21,2.25,-7.77,9.3
0:4:15.43,-4.88,11.66,-4.61
0:4:15.54,-35.25,7.16,-25.3
0:4:16.7,-15.8,-6.38,56.17
0:4:16.59,-22.3,-8.11,-22.31
0:4:18.80,2.39,1.77,23.45
0:4:19.64,11.09,-4.2,3.88
0:4:21.95,4.88,-14.47,-26.67
0:4:23.63,-21.12,-25.19,-171.14
0:4:24.16,11.78,1.5,43.77
0:4:24.79,13.75,-10.3,20.64
0:4:25.1,-22.41,6.25,-40.44
0:4:25.11,15.34,-17.0,28.28
0:4:25.65,22.56,-29.47,22.09
0:4:26.7,50.61,2.02,-28.97
0:4:26.71,-3.3,5.66,0.77
0:4:26.82,5.47,-5.7,-6.19
0:4:26.93,-9.33,-0.16,-7.14
0:4:27.98,2.41,2.22,-3.64
0:4:28.72,17.08,-5.19,12.41
0:4:28.83,16.73,30.86,-9.7
0:4:28.94,20.56,-21.77,21.16
0:4:29.14,-40.27,-1.44,-11.55
0:4:29.47,5.22,11.31,-12.72
0:4:30.31,-152.14,-308.78,-106.14
0:4:31.68,-1.25,-0.27,-162.16
0:4:32.21,-2.25,-82.67,235.52
0:4:32.74,11.52,55.77,-154.27
0:4:33.26,-1.38,-69.45,160.52
0:4:33.80,25.3,67.03,-162.19
0:4:34.32,10.36,-47.7,197.64
0:4:34.85,18.52,70.45,-151.14
0:4:35.38,-15.38,-26.81,154.53
0:4:35.91,61.11,111.08,-177.91
0:4:36.43,1.64,-41.14,178.55
0:4:36.97,6.67,25.14,-156.22
0:4:37.50,-6.39,-54.94,183.23
0:4:38.3,12.75,47.42,-139.12
0:4:38.55,6.75,-39.88,193.58
0:4:39.9,5.28,56.86,-117.48
0:4:39.61,-3.33,-54.0,185.53
0:4:40.13,-3.67,50.94,-162.14
0:4:40.67,44.53,-29.77,154.42
0:4:41.20,17.55,85.91001,-145.77
0:4:41.74,58.73,-3.86,181.69
0:4:42.26,23.97,107.17,-156.2
0:4:43.42,9.52,33.73,-133.83
0:4:44.47,25.3,50.16,-156.89
0:4:45.1,46.84,-44.98,132.84
0:4:45.54,31.42,84.31,-170.52
0:4:46.7,56.25,-0.09,135.61
0:4:46.59,8.23,98.81,-143.78
0:4:47.12,39.52,-79.03,176.92
0:4:47.65,17.94,79.27,-168.73
0:4:48.17,20.22,-76.09,164.84
0:4:48.71,1.55,77.69001,-135.06
0:4:49.23,70.06,-31.44,180.73
0:4:49.77,8.56,70.72,-148.03
0:4:50.29,77.31,-4.97,163.0
0:4:50.82,4.72,63.41,-130.53
0:4:51.35,52.3,-25.19,168.86
0:4:52.41,44.09,-48.14,200.05
0:4:52.94,24.06,102.52,-147.03
0:4:53.47,15.64,-98.92,192.5
0:4:54.0,21.61,103.97,-144.62
0:4:54.52,33.16,-82.75001,172.23
0:4:55.6,4.03,70.69,-139.53
0:4:55.59,10.42,-144.77,160.38
0:4:56.11,-4.67,39.84,-152.02
0:4:56.64,-22.8,-163.12,170.16
0:4:57.17,10.69,100.31,-143.12
0:4:57.70,8.98,-50.92,130.89
0:4:58.22,0.8,32.69,-137.17
0:4:58.76,3.75,-91.33,147.64
0:4:59.29,-9.58,43.14,-169.59
0:4:59.81,-40.59,-122.83,151.16
0:5:0.31,-2.48,87.73001,-135.48
0:5:1.37,1.14,71.56,-177.72
0:5:1.86,59.52,-31.73,177.86
0:5:2.44,1.39,22.2,-154.12
0:5:2.93,50.86,-40.09,201.02
0:5:3.98,44.16,-33.11,121.44
0:5:4.46,12.95,97.89001,-147.11
0:5:4.94,15.69,-90.62,193.33
0:5:5.52,0.3,18.55,-159.66
0:5:6.1,13.02,-78.58,174.36
0:5:6.58,-3.11,60.03,-135.86
0:5:7.7,16.83,-55.19,197.56
0:5:8.12,27.52,-93.14,183.88
0:5:8.60,22.77,101.81,-147.66
0:5:9.17,38.73,-31.22,126.22
0:5:9.66,-9.72,21.02,-161.34
0:5:10.15,3.28,-89.08,148.12
0:5:10.68,29.5,90.26999,-155.23
0:5:12.36,2.03,-55.83,133.75
0:5:12.79,28.88,77.66,-188.81
0:5:13.31,-7.69,-79.28,193.72
0:5:13.85,26.95,120.84,-157.95
0:5:14.37,-33.33,-65.98001,186.95
0:5:14.90,16.02,64.03,-169.27
0:5:15.43,42.02,-51.16,155.91
0:5:15.96,9.14,57.88,-158.2
0:5:16.48,19.98,-66.41,132.98
0:5:17.2,-7.25,7.25,-135.0
0:5:17.54,-10.06,-71.98,136.77
0:5:18.7,-4.34,33.27,-118.94
0:5:18.60,29.45,-42.64,109.81
0:5:19.13,14.34,94.52,-141.94
0:5:19.65,30.31,-84.05001,175.75
0:5:20.18,5.3,85.91001,-163.25
0:5:20.72,58.84,-73.09,171.77
0:5:21.24,-10.41,35.03,-166.06
0:5:21.77,60.09,-53.98,131.81
0:5:22.23,-12.3,1.62,-157.11
0:5:22.76,14.66,-120.12,165.45
0:5:24.23,-20.53,49.55,-117.8
0:5:25.28,12.06,74.52,-150.75
0:5:25.92,33.17,-73.09,113.44
0:5:26.34,18.67,98.0,-159.28
0:5:27.39,16.64,114.45,-121.3
0:5:27.92,58.33,-38.84,203.94
0:5:28.45,2.2,87.80001,-137.67
0:5:28.98,29.53,-44.41,172.44
0:5:29.61,-44.47,-7.75,-133.05
0:5:30.14,36.73,-65.3,136.83
0:5:30.56,-9.77,57.16,-159.39
0:5:31.20,11.31,-124.42,138.52
0:5:31.63,-13.97,40.42,-123.53
0:5:32.16,-9.69,-95.64,160.62
0:5:32.68,-40.31,27.83,-144.31
0:5:33.21,-9.2,-100.2,139.59
0:5:33.75,-51.81,1.58,-156.02
0:5:34.26,-42.86,-147.66,114.27
0:5:34.80,-21.45,23.25,-139.05
0:5:35.33,47.52,-32.19,168.36
0:5:35.86,10.73,101.39,-149.38
0:5:36.38,-10.83,-127.58,144.2
0:5:36.92,-4.0,66.95,-134.22
0:5:37.44,23.59,-52.44,155.12
0:5:37.98,7.16,60.31,-121.84
0:5:38.60,4.25,-42.38,122.75
0:5:39.13,-20.22,51.59,-132.41
0:5:39.67,6.09,-60.7,120.08
0:5:40.19,13.02,81.61,-126.34
0:5:41.88,-29.73,-71.61,147.91
0:5:42.40,-11.02,37.97,-135.55
0:5:42.93,15.56,-74.81,146.69
0:5:43.46,5.77,102.42,-146.62
0:5:44.9,12.52,-78.64,132.05
0:5:44.51,1.41,52.58,-135.2
0:5:45.14,4.17,-51.73,152.97
0:5:45.67,-18.8,37.27,-130.34
0:5:46.19,38.52,-18.27,102.36
0:5:46.72,-12.44,46.7,-140.86
0:5:47.35,-25.41,-106.59,154.86
0:5:47.78,3.61,55.02,-127.66
0:5:48.42,18.38,-102.66,116.81
0:5:48.84,-21.06,39.14,-148.72
0:5:49.47,-28.23,-100.05,108.95
0:5:49.91,-0.89,76.77,-151.28
0:5:50.54,-19.36,-109.06,85.23001
0:5:50.96,-13.02,25.5,-140.39
0:5:51.70,65.83,-122.77,137.03
0:5:52.22,9.53,66.47,-67.44
0:5:52.86,87.58,-55.64,142.08
0:5:53.8,-24.78,-99.42,-68.84
0:5:53.40,-23.81,9.72,8.44
0:5:54.13,-25.88,12.59,-106.83
0:5:54.55,-14.23,72.67,39.36
0:5:54.66,-7.33,82.95,20.2
0:5:55.20,-11.66,-369.61,167.64
0:5:55.53,56.53,96.47,-160.58
0:5:57.20,65.98001,-24.06,140.69
0:5:57.74,-1.94,2.23,-156.27
0:5:58.25,94.91,-24.84,199.11
0:5:58.79,0.19,18.97,-165.36
0:5:59.32,65.25,-25.55,137.66
0:5:59.85,19.16,57.3,-132.28
0:6:0.44,23.14,-37.55,139.98
0:6:0.93,-5.67,28.53,-115.0
0:6:1.51,61.5,-29.69,171.2
0:6:1.99,8.52,39.72,-124.52
0:6:2.58,2.64,-49.52,154.58
0:6:3.64,48.11,-29.12,115.16
0:6:4.20,-24.89,33.42,-136.83
0:6:4.79,3.89,-63.09,156.86
0:6:5.27,-20.86,34.27,-128.14
0:6:5.85,19.64,-39.88,144.19
0:6:6.33,-14.89,56.55,-137.41
0:6:6.91,12.42,-85.33999,181.77
0:6:7.39,-0.91,43.94,-172.02
0:6:7.98,1.72,-73.58,159.95
0:6:8.45,-10.5,45.44,-141.62
0:6:9.4,25.17,-16.97,126.5
0:6:9.52,-6.05,52.5,-161.67
0:6:10.9,29.2,-56.47,182.98
0:6:11.14,10.45,-71.03,179.45
0:6:11.78,71.33,-76.33,-34.66
0:6:11.89,-2.97,66.52,12.52
0:6:12.0,8.31,-15.36,-51.88
0:6:12.21,-57.39,-66.55,40.17
0:6:12.53,21.11,133.56,-77.67
0:6:13.17,-10.0,37.34,-8.78
0:6:13.28,-18.47,30.16,18.16
0:6:14.12,51.17,-57.47,-16.19
0:6:14.23,-1.66,-82.64,49.86
0:6:14.76,-11.84,22.14,-156.3
0:6:15.39,45.36,-31.95,183.0
0:6:16.44,48.28,-56.58,177.28
0:6:16.98,-27.19,25.45,-148.77
0:6:17.50,84.47001,-50.94,134.81
0:6:18.3,-18.98,27.02,-119.23
0:6:18.56,85.42,-52.77,140.25
0:6:19.9,-1.17,26.08,-130.44
0:6:19.62,96.31,-7.33,151.83
0:6:20.77,40.56,-65.36,157.67
0:6:21.31,7.05,27.61,-143.03
0:6:21.85,44.62,-59.05,173.38
0:6:22.37,-24.16,30.86,-152.88
0:6:22.90,78.02,-30.98,167.61
0:6:23.43,-24.77,27.97,-130.23
0:6:23.96,50.95,-30.06,118.36
0:6:24.48,-39.55,74.88,-209.48
0:6:25.64,-117.88,-40.06,-117.45
0:6:26.16,-10.8,-59.89,171.02
0:6:26.70,24.91,93.53,-156.28
0:6:27.23,11.02,-93.84,133.34
0:6:27.76,-14.94,39.48,-150.53
0:6:28.28,25.44,-119.22,141.25
0:6:28.82,24.36,110.53,-112.84
0:6:29.34,44.62,-82.61001,113.83
0:6:29.88,19.75,57.41,-109.67
0:6:31.3,-23.12,32.84,-136.67
0:6:31.56,-7.09,-105.03,130.58
0:6:32.9,-8.16,68.23,-120.86
0:6:32.61,21.28,-86.22001,147.09
0:6:33.14,-10.7,62.09,-124.45
0:6:33.67,73.53,9.48,82.76999
0:6:34.83,-64.72,1.39,-25.06
0:6:34.95,42.19,-29.89,50.27
0:6:35.90,-117.67,-62.89,32.31
0:6:36.1,-48.95,-95.77,-30.45
0:6:36.43,-21.41,6.11,248.88
0:6:36.85,275.8,-5.42,-326.77
0:6:37.17,-89.00001,-126.14,262.89
0:6:37.91,-57.38,7.22,320.45
0:6:38.65,3.23,-237.67,161.48
0:6:39.7,41.06,107.44,-195.44
0:6:39.70,198.44,-62.39,-255.83
0:6:40.6,97.39,-395.77,177.09
0:6:40.38,-118.12,-124.31,-219.75
0:6:40.81,37.25,-127.36,145.77
0:6:41.54,0.27,56.92,269.25
0:6:41.86,168.5,-26.12,-399.95
0:6:42.17,87.36,-312.28,155.17
0:6:42.50,-26.56,-184.59,-384.84
0:6:42.92,45.23,-10.28,198.09
0:6:43.24,-99.98,-221.55,-354.19
0:6:43.56,192.25,-128.61,57.67
0:6:43.89,-200.0,-462.17,-311.34
0:6:44.29,224.2,-170.08,232.83
0:6:44.62,-23.08,-260.73,-342.64
0:6:45.4,145.81,-192.8,238.89
0:6:45.36,59.98,-100.61,-346.2
0:6:45.68,269.0,-28.27,161.7
0:6:46.41,63.34,-307.16,91.28
0:6:46.74,-198.39,-399.22,-383.59
0:6:47.15,83.56,-259.5,188.53
0:6:47.48,-24.39,-194.56,-416.28
0:6:47.91,11.48,169.55,243.75
0:6:48.22,121.22,34.56,-285.09
0:6:48.54,133.73,-484.89,239.78
0:6:48.87,-39.75,-289.09,-356.23
0:6:49.28,-110.62,-342.09,135.66
0:6:49.61,59.22,-125.31,-296.48
0:6:49.93,64.66001,-285.36,136.12
0:6:50.24,-279.94,-44.27,-275.22
0:6:50.67,62.27,-335.58,104.59
0:6:50.99,22.3,-336.23,-470.53
0:6:51.73,161.86,62.14,-198.97
0:6:52.6,101.2,-204.05,184.22
0:6:52.80,66.45,-317.39,120.88
0:6:53.11,-35.7,-379.03,-351.08
0:6:53.54,28.62,191.91,321.16
0:6:53.86,125.05,0.06,-191.66
0:6:54.28,55.92,124.12,243.62
0:6:54.92,105.55,-164.78,187.12
0:6:55.23,9.73,-159.08,-275.03
0:6:55.67,33.2,-204.55,161.17
0:6:55.98,86.97001,-46.3,-227.77
0:6:56.41,187.95,111.97,400.62
0:6:56.73,228.06,162.33,-192.55
0:6:57.15,121.06,-9.42,340.52
0:6:57.36,-43.05,-417.77,-521.25
0:6:57.69,247.72,16.03,35.05
0:6:58.21,404.61,-48.48,-369.03
0:6:58.54,178.14,-98.33,225.31
0:6:58.85,199.42,141.3,-96.12
0:6:59.49,-121.83,-204.58,-379.02
0:7:0.20,2.81,-564.22,-518.47
0:7:0.69,225.38,83.17,439.77
0:7:0.98,118.92,61.23,-267.03
0:7:1.37,156.34,3.12,239.14
0:7:1.66,290.8,-366.25,-391.84
0:7:1.86,-394.56,23.64,507.78
0:7:1.96,237.75,-229.97,-96.36001
0:7:2.7,188.17,-79.62,175.16
0:7:2.16,-232.89,218.0,-759.45
0:7:2.36,81.61,-68.80001,-214.33
0:7:2.74,192.44,-174.78,83.12
0:7:3.52,111.91,180.25,374.95
0:7:4.0,-495.89,14.42,532.44
0:7:4.9,243.02,-140.3,-100.67
0:7:4.18,275.14,161.2,342.88
0:7:4.48,161.03,-180.77,-203.45
0:7:4.78,254.52,-47.16,-50.09
0:7:4.88,221.62,34.89,200.36
0:7:5.17,11.03,-304.67,-504.39
0:7:5.56,144.7,-128.33,93.86001
0:7:5.86,-135.08,-130.31,-301.14
0:7:6.14,-517.02,55.45,534.06
0:7:6.63,307.44,-5.92,-260.77
0:7:6.82,-643.75,-56.97,527.02
0:7:7.2,195.02,14.17,252.78
0:7:7.31,107.98,-189.75,-309.64
0:7:7.60,206.06,-95.33999,-67.34
0:7:8.0,77.31,-381.23,-388.52
0:7:8.36,150.48,-212.81,50.27
0:7:8.66,-157.39,-153.94,-338.3
0:7:8.96,-515.73,-60.22,526.83
0:7:9.43,134.81,-29.73,-248.81
0:7:9.82,186.67,-21.31,164.55
0:7:10.11,30.58,-153.33,-363.83
0:7:10.55,232.72,-242.77,91.92
0:7:10.87,101.14,-26.2,-299.61
0:7:11.29,280.02,-88.62,220.11
0:7:11.61,54.98,-119.94,-348.92
0:7:11.83,-484.98,-52.69,515.27
0:7:11.94,193.84,-141.98,75.53
0:7:12.35,245.48,-7.98,-278.34
0:7:12.58,-596.53,-373.14,507.56
0:7:12.69,86.8,-178.84,153.91
0:7:13.10,172.34,77.5,-179.55
0:7:14.6,-532.28,-56.36,524.89
0:7:14.16,251.56,-275.55,134.41
0:7:14.48,-184.88,-104.23,-366.66
0:7:14.91,120.59,120.08,69.02
0:7:15.22,-52.98,-207.19,-364.41
0:7:15.66,291.42,170.69,332.78
0:7:15.98,216.12,107.5,-217.27
0:7:16.29,193.02,-49.17,110.69
0:7:16.61,66.55,-250.7,-399.42
0:7:17.35,188.86,-151.41,-256.41
0:7:17.57,-423.48,-99.23,459.91
0:7:17.68,218.97,65.48,35.69
0:7:18.0,-225.03,-26.45,-283.91
0:7:18.42,170.52,-23.45,280.84
0:7:18.74,98.53,-351.88,-359.31
0:7:19.48,312.03,114.05,-394.72
0:7:19.91,4.33,193.72,502.95
0:7:20.2,-151.55,10.91,991.58
0:7:20.22,567.61,105.16,-474.58
0:7:20.55,343.55,-5.62,217.86
0:7:20.87,154.78,-76.53,-442.88
0:7:21.29,251.19,37.16,370.09
0:7:21.61,331.41,252.58,-289.72
0:7:22.4,1.97,282.02,411.86
0:7:22.25,30.97,-282.33,-462.33
0:7:22.57,294.2,-88.5,27.67
0:7:23.0,126.31,194.3,-234.11
0:7:23.20,-439.17,196.59,529.97
0:7:23.74,325.34,229.62,-251.06
0:7:24.6,149.55,-150.67,98.5
0:7:24.38,146.16,-95.36,-392.28
0:7:24.80,174.23,89.81,237.95
0:7:25.12,184.67,328.86,-253.22
0:7:25.43,236.05,-126.22,133.91
0:7:25.76,160.41,-389.91,-416.83
0:7:26.18,108.09,73.91,313.78
0:7:26.50,85.28,8.38,-404.55
0:7:26.82,364.03,-149.58,88.08001
0:7:26.97,-63.14,303.41,-650.42
0:7:27.18,-146.62,-314.78,-409.08
0:7:27.40,-614.91,-122.05,521.47
0:7:27.51,210.52,-232.39,-54.06
0:7:28.14,-610.42,81.33,540.3
0:7:28.25,377.2,-158.44,61.12
0:7:28.57,-133.8,-218.66,-296.73
0:7:29.0,261.55,101.84,246.59
0:7:29.31,79.16,-120.47,-283.67
0:7:29.53,-478.22,-128.19,528.12
0:7:29.95,-213.73,-213.73,-315.73
0:7:30.69,-8.23,-346.36,-543.25
0:7:31.11,273.0,56.03,268.75
0:7:31.43,126.77,-13.36,-500.73
0:7:31.65,-448.94,232.05,480.69
0:7:32.7,-344.19,-135.27,-317.19
0:7:32.50,283.84,-44.45,220.28
0:7:32.82,119.7,-426.27,-419.91
0:7:33.24,275.86,226.47,310.12
0:7:33.56,182.36,-31.22,-320.53
0:7:33.78,-437.83,-132.42,528.0
0:7:34.20,-253.98,-340.88,-289.89
0:7:34.64,190.62,-71.39,296.59
0:7:34.95,-114.89,-237.47,-257.0
0:7:35.27,286.8,-170.53,-156.7
0:7:35.38,300.97,205.55,343.83
0:7:35.70,140.36,130.95,-215.58
0:7:36.33,-54.31,-247.7,-415.2
0:7:36.66,94.92,56.64,172.09
0:7:37.8,135.09,-218.11,-419.61
0:7:37.50,168.56,42.38,252.94
0:7:38.14,135.45,-23.48,127.09
0:7:38.46,14.61,-344.44,-335.58
0:7:39.20,273.98,254.7,-292.14
0:7:39.84,-604.16,188.89,-268.27
0:7:39.95,66.84,-123.59,232.22
0:7:40.6,-50.53,-65.94,-145.7
0:7:40.16,-195.38,93.33,-54.62
0:7:40.28,-68.25,363.2,102.16
0:7:40.39,-85.58001,-824.6599,-74.23
0:7:40.71,256.42,-232.83,163.44
0:7:40.82,-120.8,-178.14,-136.41
0:7:40.93,3.0,208.58,8.33
0:7:41.46,9.66,16.72,-69.42
0:7:41.78,-83.02,51.66,279.61
0:7:42.0,28.42,-128.59,-172.97
0:7:42.42,-3.83,-416.38,99.94
0:7:42.74,6.62,321.55,-186.75
0:7:43.6,116.48,-69.62,62.64
0:7:43.38,-391.17,-100.45,-359.14
0:7:44.64,109.22,162.27,302.61
0:7:44.86,-51.92,-509.0,-568.55
0:7:45.27,197.2,42.92,84.17
0:7:45.70,8.09,13.28,-148.72
0:7:46.2,113.64,15.06,125.84
0:7:46.45,-3.41,19.73,-74.08
0:7:46.76,82.59,-293.92,49.39
0:7:47.9,55.36,-8.5,-71.88
0:7:47.40,11.48,60.55,26.44
0:7:47.73,132.25,121.64,-248.66
0:7:48.14,229.67,-176.27,280.31
0:7:48.47,12.25,425.27,-144.14
0:7:48.89,-35.42,62.56,273.23
0:7:49.21,218.94,145.55,-318.84
0:7:49.53,61.36,239.17,188.45
0:7:49.86,176.95,501.02,-288.84
0:7:50.17,212.3,116.44,80.86
0:7:50.60,266.77,267.25,-276.7
0:7:50.92,214.61,9.98,193.17
0:7:51.24,97.42,140.53,-440.41
0:7:51.45,-295.56,-174.34,526.98
0:7:51.67,376.73,-147.56,293.17
0:7:52.31,367.34,-284.61,105.88
0:7:52.62,-101.41,-138.56,-321.14
0:7:53.6,224.78,37.95,216.47
0:7:53.37,265.27,82.86,-327.23
0:7:53.90,-405.19,76.30001,893.69
0:7:54.1,-11.97,-361.95,-461.41
0:7:54.43,329.52,185.08,276.94
0:7:54.75,177.33,138.05,-160.05
0:7:55.18,100.06,28.62,289.25
0:7:55.39,-144.23,-252.58,-415.69
0:7:55.82,357.42,61.11,285.3
0:7:56.13,98.81,-142.7,-310.59
0:7:56.46,177.86,-80.09,63.47
0:7:56.88,139.56,422.09,-176.78
0:7:57.10,-283.48,112.52,191.64
0:7:57.53,29.19,-157.98,-319.66
0:7:57.85,236.3,-194.11,4.55
0:7:58.27,121.23,65.3,-257.28
0:7:58.59,155.47,-339.5,4.39
0:7:58.91,-146.14,-145.02,-391.62
0:7:59.34,93.7,-34.0,105.14
0:7:59.45,76.12,31.78,-634.69
0:7:59.56,-364.3,-127.45,696.83
0:7:59.67,250.5,73.95,-332.84
0:7:59.88,-567.62,114.8,578.5
0:8:0.36,160.36,-86.94,-256.22
0:8:0.76,205.23,-108.16,63.5
0:8:1.5,-69.12,-52.11,-432.94
0:8:1.33,-430.97,258.56,228.53
0:8:1.73,-156.25,-453.98,-450.72
0:8:2.11,331.62,-172.77,31.88
0:8:2.88,270.61,47.58,295.64
0:8:3.17,169.81,-209.53,-339.83
0:8:3.56,197.38,120.05,206.33
0:8:3.86,142.86,-253.22,-336.59
0:8:4.14,-379.36,302.42,340.39
0:8:4.54,13.38,-234.08,-346.22
0:8:5.2,172.73,163.77,366.91
0:8:5.31,124.69,222.2,-114.95
0:8:5.51,-537.3,-155.66,517.05
0:8:5.61,325.97,-214.28,-52.58
0:8:5.71,127.42,134.88,342.11
0:8:6.1,209.75,74.92,-271.05
0:8:6.38,173.23,-16.48,108.78
0:8:6.68,69.92,-168.16,-340.88
0:8:7.35,-74.23,-249.12,-240.55
0:8:7.74,338.77,117.81,190.28
0:8:8.79,219.92,-185.8,-308.84
0:8:9.17,189.48,159.66,202.03
0:8:9.76,-599.69,38.47,574.52
0:8:9.86,291.86,77.42,-77.75
0:8:9.96,150.91,96.47,327.11
0:8:10.26,153.23,192.22,-224.75
0:8:10.48,-383.45,326.23,453.19
0:8:10.91,-158.94,-584.7,-242.83
0:8:11.2,498.97,276.92,-274.06
0:8:11.33,235.97,-52.11,205.45
0:8:11.65,346.41,421.78,-167.11
0:8:11.87,-432.66,163.06,496.33
0:8:12.29,-68.94001,-258.42,-414.81
0:8:12.76,244.39,51.81,360.33
0:8:13.8,308.67,315.81,-269.55
0:8:13.40,182.97,-26.38,122.14
0:8:13.72,224.19,61.66,-414.11
0:8:14.35,-254.84,-413.66,-317.17
0:8:15.9,9.7,-185.59,-300.47
0:8:15.50,358.33,101.52,321.77
0:8:16.14,182.88,-129.05,43.33
0:8:16.46,54.31,-150.77,-271.83
0:8:16.89,207.88,86.62001,275.94
0:8:17.21,347.14,403.91,-187.34
0:8:17.42,-434.8,167.75,407.91
0:8:17.85,121.12,-69.34,-293.14
0:8:18.7,-504.58,-137.3,537.33
0:8:18.17,209.64,-124.3,-65.12001
0:8:18.28,308.47,163.92,333.98
0:8:18.50,-59.12,-467.52,-280.06
0:8:19.23,212.45,362.86,-105.7
0:8:19.45,-292.3,-224.05,438.84
0:8:19.87,-25.47,-127.52,-388.61
0:8:20.20,152.59,34.05,-37.59
0:8:20.31,251.98,67.92,305.39
0:8:20.63,362.55,368.95,-230.36
0:8:20.85,-240.75,95.80001,228.5
0:8:20.96,333.16,144.95,199.39
0:8:21.27,91.2,187.5,-266.38
0:8:21.49,-271.08,7.91,580.62
0:8:21.61,429.56,-239.41,-186.44
0:8:21.72,52.38,374.23,474.8
0:8:21.93,-81.36001,-239.45,-313.08
0:8:22.67,263.62,328.27,-165.34
0:8:22.89,-527.14,118.48,509.59
0:8:23.31,51.22,-153.91,-401.53
0:8:24.5,359.23,289.36,-241.91
0:8:24.26,-394.19,209.58,513.73
0:8:24.69,112.86,68.91,-221.39
0:8:24.90,-460.25,-13.36,554.02
0:8:25.1,107.33,-243.12,-127.97
0:8:25.12,103.12,69.25,293.92
0:8:25.34,59.67,-336.5,-319.03
0:8:25.76,255.23,-180.42,290.52
0:8:26.9,163.23,276.77,-155.12
0:8:26.40,451.91,-99.72,43.41
0:8:26.72,49.58,-147.53,-367.42
0:8:26.94,-339.56,69.42,501.31
0:8:27.36,-164.44,-187.69,-282.09
0:8:27.68,-479.88,121.17,543.08
0:8:28.10,169.3,-211.47,-317.95
0:8:28.74,28.31,-263.2,-331.98
0:8:29.6,-174.45,84.89,224.92
0:8:29.16,429.53,0.72,86.58
0:8:29.27,-73.91,28.91,-677.94
0:8:29.49,245.19,235.52,-379.97
0:8:29.71,-499.66,239.73,534.31
0:8:30.12,159.78,-349.88,-475.05
0:8:30.45,218.38,235.2,10.44
0:8:30.56,166.61,-89.01999,183.91
0:8:30.88,350.09,531.05,-183.23
0:8:31.9,-375.88,74.75,335.7
0:8:31.19,436.84,-95.97,80.78
0:8:31.51,170.64,17.48,-388.03
0:8:31.73,-329.19,-173.08,412.23
0:8:31.95,136.03,8.52,130.62
0:8:32.48,-184.56,209.78,145.8
0:8:32.59,219.67,-91.03,76.58
0:8:32.91,299.06,280.33,-267.56
0:8:33.12,-354.45,-152.23,325.09
0:8:33.55,108.08,-167.23,-306.12
0:8:33.98,196.28,127.64,371.75
0:8:34.18,-142.95,-576.05,-323.53
0:8:34.50,-707.89,178.39,535.55
0:8:34.93,86.12,-118.34,-248.27
0:8:35.14,-729.83,-99.08999,438.08
0:8:35.25,592.19,-133.95,-27.84
0:8:35.58,-65.86,-598.61,-388.02
0:8:36.0,285.89,271.22,300.05
0:8:36.32,332.47,-106.8,-552.62
0:8:36.53,-531.61,-9.03,574.56
0:8:36.75,256.77,195.94,327.08
0:8:36.97,-220.7,-95.33,-491.34
0:8:37.28,-377.41,161.75,474.23
0:8:37.71,222.45,-26.69,-262.48
0:8:37.93,-226.48,84.53,439.86
0:8:38.35,-107.23,-155.25,-279.97
0:8:38.77,165.88,-173.44,25.02
0:8:39.10,229.67,61.5,-239.52
0:8:39.31,-393.95,-427.39,523.86
0:8:39.42,135.89,110.88,125.67
0:8:39.75,-100.34,-154.11,-260.61
0:8:40.49,-0.67,-141.09,-466.48
0:8:40.81,139.06,-17.53,42.02
0:8:41.23,147.22,151.0,-128.42
0:8:41.44,-372.91,-18.55,497.61
0:8:41.87,-272.86,-172.22,-197.5
0:8:42.18,-549.3,61.12,375.05
0:8:42.29,291.41,-177.52,-197.02
0:8:42.40,-142.08,-0.73,203.52
0:8:42.62,215.22,-108.78,-219.06
0:8:43.5,47.02,23.78,193.58
0:8:43.26,35.22,208.86,74.61
0:8:43.59,128.92,152.34,-193.7
0:8:44.11,18.02,-97.72,40.09
0:8:44.33,-18.11,29.59,94.44
0:8:48.20,-94.58,54.75,298.91
0:8:48.74,83.30001,212.5,-156.36
0:8:49.26,-8.64,-36.45,190.72
0:8:50.74,56.61,31.69,-211.53
0:8:51.79,6.64,29.64,-193.67
0:8:52.31,76.89,-38.66,168.89
0:8:52.85,14.2,43.78,-259.62
0:8:53.37,9.58,-39.61,218.84
0:8:53.90,31.67,43.05,-212.94
0:8:54.43,23.86,17.12,190.5
0:8:54.96,6.19,2.95,-213.8
0:8:55.48,-4.86,-74.03,269.78
0:8:55.91,65.55,85.66001,-144.02
0:8:56.54,135.59,20.5,240.41
0:8:56.97,30.05,-2.0,-207.69
0:8:57.49,-24.25,-47.28,251.81
0:8:58.3,34.12,40.7,-173.91
0:8:58.55,48.94,-60.52,186.02
0:8:59.9,-6.41,44.08,-161.0
0:8:59.61,-18.41,-101.97,284.56
0:9:0.61,-43.56,-109.58,200.38
0:9:1.9,-5.47,33.05,-172.03
0:9:1.66,82.28,2.47,228.59
0:9:2.14,-3.09,34.75,-174.86
0:9:2.63,28.94,-30.81,157.3
0:9:3.20,37.83,52.72,-188.14
0:9:3.68,158.97,-62.44,274.77
0:9:4.26,1.28,21.86,-5.2
0:9:4.58,9.12,-5.97,9.36
0:9:4.69,12.25,20.75,6.52
0:9:5.16,-1.48,6.62,-24.59
0:9:5.85,7.72,-18.08,116.69
0:9:5.95,-24.94,-78.3,-71.55
0:9:6.71,14.67,-113.98,197.12
0:9:7.19,35.73,60.84,-158.14
0:9:7.78,67.62001,-44.55,175.27
0:9:8.25,0.58,37.06,-189.22
0:9:8.74,92.47001,-27.86,167.91
0:9:9.80,83.12,-82.36,229.03
0:9:10.29,-5.14,71.22,-214.94
0:9:10.83,39.0,-160.0,187.7
0:9:11.25,107.2,111.47,-161.28
0:9:11.78,-116.47,-84.73001,153.11
0:9:12.31,44.56,58.48,-200.83
0:9:13.36,26.97,105.38,-249.86
0:9:13.89,50.58,-32.12,227.88
0:9:14.84,68.16,-81.23,271.59
0:9:15.89,150.41,45.92,142.69
0:9:16.52,-15.14,119.67,-201.0
0:9:16.95,95.91001,18.62,152.08
0:9:17.58,95.5,96.06,-221.09
0:9:18.10,-94.97001,-115.27,179.69
0:9:18.53,96.81,99.39,-204.81
0:9:19.6,80.44001,-92.92,197.94
0:9:19.59,-67.86,11.72,-243.91
0:9:20.12,127.16,-56.45,243.72
0:9:20.54,36.27,38.53,-145.7
0:9:21.17,-39.56,-108.89,167.19
0:9:21.71,-10.14,95.03,-173.81
0:9:22.12,128.14,-1.73,241.75
0:9:22.66,18.25,45.17,-177.34
0:9:23.18,39.83,-64.73001,211.75
0:9:23.72,-4.44,49.0,-146.0
0:9:24.24,26.05,-68.89,212.16
0:9:24.67,46.81,56.94,-94.53
0:9:25.21,54.84,16.52,193.77
0:9:25.73,37.84,79.59,-156.39
0:9:26.26,55.7,-10.25,219.59
0:9:26.80,19.17,78.45,-142.69
0:9:27.32,-14.55,-130.08,147.66
0:9:27.75,71.12,73.58,-127.36
0:9:28.38,-33.2,-93.89,122.06
0:9:28.81,84.41001,69.84,-211.83
0:9:29.86,108.73,112.72,-138.77
0:9:30.38,28.88,-34.36,205.72
0:9:30.91,32.19,86.3,-159.66
0:9:31.44,-11.47,-135.8,193.22
0:9:32.91,41.47,60.19,-154.23
0:9:33.44,54.59,-75.22,236.05
0:9:33.97,49.52,-111.33,218.14
0:9:34.49,-73.73001,-21.53,-17.95
0:9:34.61,-43.38,21.33,16.39
0:9:34.93,-21.28,27.3,-297.53
0:9:35.87,85.94001,92.47001,-162.69
0:9:36.41,41.5,-71.33,162.67
0:9:36.94,21.27,52.19,-180.44
0:9:37.46,-156.55,-336.7,66.2
0:9:37.89,-9.23,47.0,-167.58
0:9:38.42,-24.25,-83.84,158.38
0:9:38.96,71.16001,100.62,-156.81
0:9:39.48,-146.89,-201.48,170.05
0:9:39.91,49.86,42.16,-178.86
0:9:40.54,-114.95,-181.05,95.12
0:9:40.96,32.0,76.84,-183.83
0:9:41.49,-6.28,-22.22,104.52
0:9:42.3,62.88,72.92,-130.45
0:9:42.55,-1.92,-79.88,136.12
0:9:42.98,100.84,93.72001,-145.92
0:9:43.50,40.41,-39.92,206.38
0:9:44.3,-21.94,15.83,-156.7
0:9:44.56,76.7,-77.58,135.59
0:9:44.99,3.58,58.97,-128.03
0:9:45.52,65.7,-82.09,182.22
0:9:46.5,32.75,37.52,-123.78
0:9:46.58,67.86,-117.55,210.45
0:9:47.52,54.62,-124.19,221.09
0:9:48.6,59.53,110.75,-225.0
0:9:49.0,71.0,66.28,-190.92
0:9:49.53,41.66,-119.47,296.95
0:9:50.16,137.33,-20.91,-120.7
0:9:50.38,-24.17,20.42,26.25
0:9:50.49,19.25,42.58,-31.41
0:9:50.71,-27.28,-231.36,110.72
0:9:50.82,-314.2,219.56,-381.17
0:9:51.3,-3.88,76.06,-45.73
0:9:51.13,8.16,96.61,-18.61
0:9:51.36,136.11,-155.45,101.98
0:9:51.57,-84.64,189.88,-55.25
0:9:51.68,154.52,-150.38,58.05
0:9:53.68,-49.45,-54.12,-26.42
0:9:54.92,-30.59,31.75,-23.41
0:9:55.45,83.03,-75.0,85.41
0:9:55.78,-77.59,-44.38,-77.45
0:9:56.41,170.03,-109.19,181.95
0:9:56.95,-168.94,106.75,36.34
0:9:57.15,9.59,39.61,-72.52
0:9:57.37,157.2,-12.69,73.55
0:9:58.21,283.16,-139.12,-103.91
0:9:58.32,177.69,-34.69,127.31
0:9:58.86,-207.23,56.83,-81.94
0:9:59.17,200.5,-67.75,244.48
0:9:59.60,-180.19,0.33,-106.17
0:10:0.13,156.28,-28.78,175.5
0:10:0.98,146.64,28.97,97.31
0:10:1.82,110.11,59.33,140.11
0:10:2.23,-256.14,42.2,-158.88
0:10:2.46,180.69,-199.58,92.80001
0:10:2.57,152.86,171.28,-53.73
0:10:2.78,66.89,-148.45,169.84
0:10:3.0,-61.66,-43.69,-23.89
0:10:3.21,20.91,-85.66001,103.48
0:10:3.42,25.61,149.52,-15.62
0:10:3.54,65.84,191.28,21.41
0:10:3.97,-92.11,-79.2,-82.53
0:10:4.60,162.06,61.67,96.75
0:10:4.81,-39.12,-7.27,-107.44
0:10:5.86,-94.2,12.27,-28.2
0:10:6.8,-161.39,-75.97,45.86
0:10:6.29,-4.94,16.03,-48.56
0:10:6.50,388.03,3.7,138.19
0:10:7.24,-54.44,92.94001,-57.7
0:10:7.46,490.94,-63.23,164.16
0:10:7.78,-82.83999,44.47,-59.92
0:10:7.99,-258.83,-73.77,47.28
0:10:8.32,-17.38,-7.28,-41.58
0:10:8.43,413.55,116.47,22.16
0:10:8.54,77.67,-229.25,-33.58
0:10:8.65,98.53,126.61,42.78
0:10:8.76,-16.84,-93.45,-34.16
0:10:8.99,-220.53,19.56,38.61
0:10:9.51,202.52,4.53,-73.91
0:10:9.94,-79.75,-50.03,-98.44001
0:10:10.39,80.48,-127.58,144.59
0:10:10.89,-82.91,47.16,-89.05001
0:10:11.46,114.33,-133.72,245.27
0:10:12.4,-162.75,46.8,-122.25
0:10:12.49,192.62,-106.31,149.58
0:10:13.7,-197.77,-5.03,-39.48
0:10:13.64,85.98001,52.95,-79.55
0:10:14.10,-80.09,-21.83,75.05001
0:10:14.45,24.41,124.92,-76.47
0:10:15.14,-37.73,-43.52,113.23
0:10:15.72,13.42,23.05,-23.7
0:10:15.84,15.58,-14.77,24.09
0:10:16.63,-49.62,44.33,-60.23
0:10:17.33,-6.39,-38.17,52.33
0:10:18.24,162.12,-322.09,-83.22001
0:10:18.48,-12.83,-3.55,-7.75
0:10:18.72,-134.55,-49.81,108.45
0:10:18.84,27.08,219.31,148.98
0:10:19.63,90.0,-42.81,-47.38
0:10:19.87,-125.89,-131.58,158.28
0:10:20.22,171.33,141.08,113.47
0:10:20.34,-177.09,-180.34,-176.25
0:10:20.81,125.81,157.84,46.94
