0:0:0.42,-136.475,-15.0,-970.0,135.94,879.69,-446.88
0:0:0.73,654.541,496.0,-1200.0,3271.88,6371.88,4129.69
0:0:0.84,240.234,-66.0,-1010.0,1864.06,-12885.94,-5534.379
0:0:2.65,-371.582,195.0,-800.0,301.56,9657.809,-1232.81
0:0:3.62,523.682,1344.0,-252.0,-2404.69,6601.56,8567.191
0:0:4.10,373.291,1536.0,164.0,137.5,8200.0,-15579.69
0:0:4.59,841.797,1019.0,-52.0,-6.25,-28873.44,-4468.75
0:0:4.89,695.801,916.0,185.0,1078.12,-4004.69,3293.75
0:0:5.8,369.141,1516.0,156.0,-4487.5,-5490.62,-6281.25
0:0:5.19,116.211,1008.0,-111.0,-1245.31,9359.38,3468.75
0:0:5.62,523.926,1258.0,-203.0,743.75,6696.88,-1290.62
0:0:5.73,396.973,774.0,-82.0,-2575.0,28.12,1171.88
0:0:6.21,339.844,763.0,-14.0,265.62,-3726.56,-1935.94
0:0:6.71,473.145,249.0,-195.0,1390.62,7590.62,-3059.38
0:0:6.81,871.0939,1165.0,106.0,4429.69,-6231.25,-3125.0
0:0:6.92,281.25,1187.0,16.0,-1257.81,11832.81,2301.56
0:0:7.39,803.955,1934.0,-130.0,-9501.559,-3764.06,-1042.19
0:0:7.70,581.787,708.0,110.0,3760.94,6362.5,-1376.56
0:0:7.90,366.211,653.0,130.0,-2626.56,-8007.811,2153.12
0:0:8.1,162.354,1352.0,-94.00001,2453.12,3435.94,-906.25
0:0:8.10,342.285,454.0,-271.0,753.12,-4995.31,2153.12
0:0:8.31,259.766,2335.0,-52.0,-9071.879,-15317.19,-1943.75
0:0:8.51,502.197,805.0,-239.0,-1423.44,13521.88,2451.56
0:0:8.71,627.197,1261.0,211.0,7026.56,-9845.309,-1632.81
0:0:8.82,66.162,1541.0,317.0,-2326.56,3596.88,-1579.69
0:0:8.93,875.244,463.0,-344.0,1582.81,-5796.88,4414.06
0:0:9.41,412.598,213.0,-410.0,5562.5,-15432.81,-2801.56
0:0:9.61,807.617,1085.0,-230.0,5868.75,3382.81,-2489.06
0:0:9.72,678.467,1131.0,5.0,-4107.81,-6548.44,3065.62
0:0:10.22,426.758,858.0,-384.0,-9579.691,5631.25,-5325.0
0:0:10.76,192.139,1321.0,85.0,2278.12,346.88,-7101.56
0:0:11.8,1601.074,698.0,22.0,-2203.12,-4703.12,10760.94
0:0:11.61,227.539,423.0,-1149.0,679.69,6043.75,-2100.0
0:0:12.5,145.752,-56.0,-1266.0,-1012.5,6840.62,1837.5
0:0:12.79,572.998,-397.0,-130.0,7742.19,-1906.25,-5807.81
0:0:13.20,-1302.734,105.0,-517.0,-8159.38,3471.88,23981.25
0:0:14.16,46.875,188.0,-635.0,-1573.44,-973.44,-3815.62
0:0:14.81,256.592,623.0,-198.0,11984.38,36215.62,14606.25
0:0:15.33,334.228,502.0,-184.0,6754.69,14318.75,-5798.44
0:0:15.45,381.348,2291.0,90.0,2064.06,1867.19,-8296.88
0:0:16.51,808.5939,-809.0,-937.0,4367.19,14314.06,-7101.56
0:0:17.88,988.77,-86.0,-378.0,2887.5,-12026.56,6185.94
0:0:17.99,-26.123,-322.0,-237.0,-1607.81,19545.31,-6915.62
0:0:18.43,49.805,-306.0,-592.0,2573.44,-1064.06,4848.44
0:0:18.65,161.133,-913.9999,-955.9999,1800.0,-3687.5,-2090.62
0:0:19.18,11.23,-600.0,-701.0,404.69,-2971.88,2714.06
0:0:19.71,621.5819,-483.0,-766.0,1373.44,4071.88,4506.25
0:0:20.24,-99.854,-170.0,-1117.0,-620.31,10585.94,-779.69
0:0:20.36,49.316,-205.0,-535.0,-2409.38,-10153.12,4075.0
0:0:20.57,-178.955,-379.0,-815.0,-1515.62,-2351.56,-4017.19
0:0:21.10,-450.684,-427.0,-1167.0,1639.06,2337.5,-2270.31
0:0:21.64,109.375,-1231.0,-327.0,4126.56,9698.441,5643.75
0:0:21.86,-143.555,-519.0,-693.0,-2531.25,-893.75,-5870.31
0:0:21.98,132.08,-369.0,-462.0,4217.19,-6151.56,2310.94
0:0:22.10,159.18,-748.0,-1150.0,1223.44,-1167.19,-2282.81
0:0:22.53,258.789,-726.0,-938.0,-489.06,3107.81,2506.25
0:0:22.97,312.012,-529.0,-871.0,5568.75,-407.81,5010.94
0:0:23.18,-171.631,-239.0,-1053.0,-71.88,198.44,-6484.38
0:0:23.29,221.924,-531.0,-563.0,-2803.12,-10128.12,6618.75
0:0:23.62,-77.637,-973.0,-1225.0,-1115.62,3728.12,-8229.691
0:0:23.74,-333.74,-384.0,-609.0,3779.69,1095.31,3518.75
0:0:24.89,4.639,1279.0,446.0,14146.88,23231.25,-20932.81
0:0:25.32,836.182,749.0,9.0,-5623.44,1628.12,20237.5
0:0:25.86,218.994,1198.0,188.0,1982.81,4232.81,-20246.88
0:0:26.38,603.027,1454.0,134.0,-4162.5,-10696.88,17787.5
0:0:26.82,187.012,1333.0,144.0,6145.31,23429.69,-21782.81
0:0:27.35,544.434,1536.0,42.0,-3996.88,5223.44,21434.38
0:0:27.78,279.785,1604.0,388.0,7753.12,13778.12,-21207.81
0:0:28.73,226.318,1190.0,89.00001,292.19,14857.81,-18451.56
0:0:29.25,683.838,1083.0,22.0,-2703.12,-8907.809,12770.31
0:0:29.69,145.02,963.0,-18.0,1864.06,11521.88,-20193.75
0:0:30.22,678.711,1013.0,13.0,-3626.56,-12009.38,9785.941
0:0:30.65,64.45301,945.0,-56.0,5442.19,8107.81,-18104.69
0:0:31.22,882.3239,1196.0,-1.0,-5625.0,-9034.38,17764.06
0:0:31.65,186.035,1040.0,-9.0,1835.94,7578.12,-16809.38
0:0:32.17,602.539,921.0,-191.0,-2385.94,-13715.62,13767.19
0:0:32.61,41.992,1051.0,-168.0,-1242.19,5350.0,-15714.06
0:0:33.14,756.836,1097.0,-213.0,-1892.19,-6964.06,13506.25
0:0:33.57,21.973,1121.0,-38.0,1420.31,15021.88,-18889.06
0:0:34.10,715.088,1131.0,-182.0,-4978.12,-6284.379,16532.81
0:0:34.64,259.521,954.0,-92.0,-4625.0,4779.69,-16304.69
0:0:35.7,632.08,1037.0,-196.0,-9231.25,-12370.31,20142.19
0:0:36.53,-86.91401,-766.0,-844.0,-356.25,-1223.44,-1334.38
0:0:38.1,761.2299,1110.0,-61.0,-5965.62,-8679.69,10120.31
0:0:38.97,778.076,1215.0,-141.0,-7767.19,-6285.94,15789.06
0:0:39.49,44.678,1267.0,-135.0,-668.75,4829.69,-14068.75
0:0:40.3,734.131,1161.0,9.0,-6407.81,-13050.0,11321.88
0:0:40.46,-2.686,1065.0,-181.0,315.62,7829.69,-17557.81
0:0:40.99,733.887,1084.0,-121.0,-5501.56,-9921.88,13506.25
0:0:41.53,189.697,1214.0,-154.0,-4221.88,3051.56,-12737.5
0:0:41.96,760.254,1219.0,-248.0,-2187.5,-7120.31,14034.38
0:0:42.49,154.541,1167.0,-93.0,-3112.5,5643.75,-13520.31
0:0:42.93,499.512,1025.0,-285.0,-2120.31,2081.25,19639.06
0:0:43.46,37.109,1043.0,-44.0,-507.81,9109.38,-11693.75
0:0:44.0,654.297,1031.0,-59.0,-2962.5,-8853.12,13237.5
0:0:44.95,639.404,1258.0,-97.0,-8184.38,-13040.62,19309.38
0:0:45.48,215.82,1190.0,-45.0,-962.5,12637.5,-14521.88
0:0:46.1,529.297,845.0,-146.0,-3192.19,-9782.809,13684.38
0:0:46.43,15.625,988.0,-57.0,1639.06,7740.62,-14490.62
0:0:46.97,661.133,1064.0,-106.0,-6251.56,-6676.56,15810.94
0:0:47.50,152.832,1103.0,66.0,3043.75,10654.69,-17010.94
0:0:48.98,667.236,1051.0,-103.0,-9804.69,-13506.25,20953.12
0:0:49.52,132.568,1174.0,3.0,-612.5,8781.25,-17776.56
0:0:50.5,626.709,1114.0,-95.0,-2625.0,-6332.81,10637.5
0:0:50.59,262.451,1034.0,-125.0,-1303.12,4107.81,-15421.88
0:0:51.1,622.314,1007.0,-69.0,-8851.56,-8264.06,17443.75
0:0:51.54,69.824,975.0,-100.0,2239.06,6568.75,-16895.31
0:0:52.18,578.857,1063.0,11.0,-7404.69,-6525.0,13779.69
0:0:52.61,-75.684,817.0,-111.0,1975.0,10773.44,-22187.5
0:0:53.14,619.873,988.9999,-6.0,-5984.38,-7029.69,13900.0
0:0:53.68,229.004,891.0,-97.0,2957.81,8343.75,-18501.56
0:0:54.21,721.68,903.0,-31.0,-9675.0,-9993.751,16510.94
0:0:54.74,181.885,913.9999,-102.0,5059.38,9914.06,-16034.38
0:0:55.27,621.826,958.0,-89.00001,-10939.06,-16154.69,12935.94
0:0:55.81,179.443,1157.0,-119.0,-1754.69,12151.56,-16709.38
0:0:56.23,717.529,1000.0,-3.0,-6301.56,-368.75,21631.25
0:0:58.66,-242.188,281.0,-971.9999,-779.69,-200.0,-640.62
0:0:59.29,-281.006,178.0,-967.9999,282.81,-76.56,776.56
0:0:59.41,-267.578,200.0,-942.0,-245.31,437.5,-453.12
0:0:59.52,-289.062,211.0,-969.0,-243.75,-15.62,235.94
0:0:59.84,-271.484,221.0,-959.0,32.81,85.94001,276.56
0:1:0.93,-49.316,699.0,-432.0,-907.81,12729.69,-8821.879
0:1:1.40,1061.035,874.0,227.0,-8765.62,-5893.75,23859.38
0:1:1.80,-155.762,942.0,-59.0,1692.19,11587.5,-16010.94
0:1:2.85,50.781,1151.0,47.0,-1796.88,-2017.19,-20070.31
0:1:3.33,756.348,992.9999,-9.0,-4460.94,-8737.5,12107.81
0:1:3.83,-72.021,1008.0,-86.0,-254.69,9892.191,-20228.12
0:1:4.31,713.135,896.0,-10.0,-11434.38,-18042.19,16417.19
0:1:4.80,-158.203,948.0,-63.0,-260.94,7984.38,-18578.12
0:1:5.28,636.2299,942.9999,-126.0,-8789.06,-11551.56,19418.75
0:1:5.86,232.666,1407.0,104.0,-1028.12,5184.38,-20885.94
0:1:6.35,644.531,1073.0,-108.0,-5087.5,-10173.44,14860.94
0:1:6.84,46.875,966.0,-65.0,-1120.31,506.25,-18556.25
0:1:7.32,639.16,901.0,-89.00001,-10625.0,-14518.75,19760.94
0:1:8.37,719.482,988.9999,-151.0,-3728.12,-15359.38,11731.25
0:1:8.86,35.4,861.0,-81.0,467.19,13671.88,-19460.94
0:1:9.34,697.998,833.0,-190.0,-4007.81,-9610.941,18018.75
0:1:9.93,171.143,1250.0,28.0,-1960.94,5737.5,-16632.81
0:1:10.97,282.715,1357.0,-33.0,-2446.88,706.25,-16437.5
0:1:11.50,563.965,1126.0,-181.0,-1167.19,-7229.69,12971.88
0:1:12.4,290.527,995.0,-90.0,-2484.38,4495.31,-9596.88
0:1:12.57,410.4,884.0,-202.0,351.56,-7634.38,14196.88
0:1:13.10,300.537,890.0,-195.0,-4217.19,6015.62,-12800.0
0:1:13.64,683.838,1127.0,-80.0,-1154.69,-11540.62,9581.25
0:1:14.7,13.672,954.0,-102.0,-2240.62,5779.69,-11104.69
0:1:14.63,593.994,1086.0,-210.0,2073.44,-6350.0,12968.75
0:1:15.16,267.334,1009.0,-148.0,-4781.25,3657.81,-13992.19
0:1:15.70,631.836,1187.0,-206.0,-2489.06,-9821.879,10657.81
0:1:16.22,307.861,1149.0,-197.0,-4435.94,6379.69,-12523.44
0:1:16.76,612.549,1279.0,-140.0,-1395.31,-14115.62,11504.69
0:1:17.18,118.408,1001.0,-107.0,-192.19,9253.119,-13048.44
0:1:17.72,482.178,1247.0,-235.0,995.31,-5726.56,17170.31
0:1:18.25,135.986,936.0,-132.0,-2601.56,8556.251,-14529.69
0:1:18.79,531.7379,1381.0,-131.0,-765.62,-8100.0,17421.88
0:1:19.32,124.512,888.9999,-89.00001,-2045.31,11273.44,-13071.88
0:1:19.85,651.123,1333.0,-204.0,167.19,-7884.38,15054.69
0:1:20.38,150.146,1051.0,-41.0,-3001.56,11065.62,-13909.38
0:1:20.92,626.465,1171.0,-251.0,520.31,-10726.56,15059.38
0:1:21.45,160.156,1092.0,-43.0,-5806.25,6553.12,-14929.69
0:1:21.98,591.309,1072.0,-195.0,410.94,-5934.38,11525.0
0:1:22.94,570.068,992.0,-238.0,-1276.56,-5187.5,21234.38
0:1:23.47,26.367,904.0,-90.0,-2404.69,12251.56,-20443.75
0:1:24.1,633.789,1192.0,-126.0,-4426.56,-7784.379,15368.75
0:1:24.54,160.889,1200.0,-11.0,-3181.25,11803.12,-17320.31
0:1:25.49,40.283,1023.0,-67.0,407.81,13029.69,-17498.44
0:1:26.3,545.898,996.0,-189.0,-404.69,-5628.12,16004.69
0:1:26.56,120.85,799.0,-156.0,-1993.75,9375.0,-14625.0
0:1:27.9,593.994,1085.0,-186.0,-2760.94,-8148.44,16540.62
0:1:27.62,103.027,1092.0,-73.0,-1792.19,12157.81,-15117.19
0:1:28.15,564.453,1184.0,-126.0,-1459.38,-7545.31,15709.38
0:1:28.69,202.393,1142.0,-47.0,-4162.5,3804.69,-13092.19
0:1:29.21,578.857,1365.0,-225.0,712.5,-4456.25,14260.94
0:1:29.75,205.322,1075.0,-68.0,-4907.81,3193.75,-11237.5
0:1:30.28,461.914,1058.0,-249.0,876.56,-4442.19,11796.88
0:1:30.82,334.473,1082.0,-230.0,-6317.19,-1184.38,-8434.38
0:1:31.35,458.984,1004.0,-281.0,-145.31,-9529.691,9481.25
0:1:31.78,289.307,980.9999,-162.0,-1578.12,4956.25,-12206.25
0:1:32.42,406.982,928.0,-203.0,-1918.75,-11996.88,10020.31
0:1:32.84,350.586,1315.0,-3.0,5445.31,12945.31,-5020.31
0:1:33.48,520.02,1107.0,-82.0,-2398.44,-8317.191,9740.62
0:1:33.92,292.236,1234.0,6.0,-650.0,5187.5,-10159.38
0:1:34.55,379.395,1344.0,-102.0,-271.88,-7917.19,10034.38
0:1:34.98,169.189,1044.0,-126.0,-2976.56,5434.38,-10754.69
0:1:35.51,521.484,940.0,-232.0,-1262.5,-7387.5,12634.38
0:1:36.46,562.9879,974.0,-250.0,-1723.44,-5204.69,16439.06
0:1:37.0,171.387,854.0,-126.0,-2089.06,6373.44,-12617.19
0:1:37.53,614.99,1254.0,-229.0,-1882.81,-7181.25,14079.69
0:1:38.6,213.379,1024.0,-104.0,-3495.31,6996.88,-13570.31
0:1:38.59,483.643,1149.0,-310.0,2464.06,-3898.44,15375.0
0:1:39.12,208.496,1000.0,-156.0,-5078.12,1326.56,-10503.12
0:1:39.66,531.25,1260.0,-74.0,-1743.75,-9909.38,14693.75
0:1:40.18,110.84,1319.0,-102.0,-8326.56,-2695.31,-9053.12
0:1:40.62,480.713,1343.0,-241.0,1267.19,-8648.44,17423.44
0:1:41.15,141.602,1075.0,-48.0,-6925.0,2454.69,-11707.81
0:1:41.68,522.705,1226.0,-111.0,1843.75,-8939.059,12281.25
0:1:42.11,163.818,949.0,-65.0,-2604.69,12637.5,-12285.94
0:1:42.65,603.027,1315.0,-161.0,1821.88,-7017.19,15784.38
0:1:43.17,213.379,930.9999,-157.0,-10245.31,1870.31,-14053.12
0:1:44.23,-29.053,1450.0,-166.0,-4229.69,4659.38,-13487.5
0:1:44.66,627.441,1129.0,-307.0,3851.56,-5151.56,15843.75
0:1:45.20,34.18,1158.0,-61.0,-4950.0,2456.25,-13692.19
0:1:45.74,543.4569,1017.0,-259.0,2225.0,-5609.38,10268.75
0:1:46.17,5.615,1153.0,-13.0,-4117.19,7307.81,-13790.62
0:1:46.70,640.137,1264.0,-285.0,3878.12,-3421.88,12503.12
0:1:47.23,154.785,930.0,-157.0,-8639.06,2150.0,-10525.0
0:1:48.18,48.34,1218.0,100.0,-4864.06,7359.38,-11225.0
0:1:48.72,643.311,1033.0,-246.0,6068.75,-3978.12,13429.69
0:1:49.25,222.656,1212.0,-133.0,-4996.88,6884.38,-15596.88
0:1:49.68,487.793,1336.0,-156.0,-2420.31,-8573.441,21489.06
0:1:50.21,39.307,1190.0,39.0,-3876.56,9043.75,-14928.12
0:1:50.75,528.32,1112.0,-236.0,5062.5,-4359.38,13407.81
0:1:51.28,246.826,1012.0,-148.0,-5028.12,-253.12,-12112.5
0:1:51.81,503.662,1092.0,-202.0,443.75,-6928.12,10293.75
0:1:52.76,596.191,1099.0,-211.0,-245.31,-6278.12,13951.56
0:1:53.29,220.703,892.9999,-122.0,-1829.69,4159.38,-12603.12
0:1:53.86,516.846,1057.0,-201.0,-60.94,-5829.69,12550.0
0:1:54.39,227.539,1007.0,-153.0,-332.81,3853.12,-11085.94
0:1:54.93,524.902,1132.0,-200.0,-1312.5,-3675.0,13457.81
0:1:55.45,199.463,1008.0,-117.0,-989.06,7262.5,-10039.06
0:1:55.99,537.354,1299.0,-274.0,3015.62,-4648.44,12470.31
0:1:56.53,202.881,1202.0,-156.0,-1982.81,3815.62,-10635.94
0:1:57.6,406.25,836.0,-295.0,1535.94,-3376.56,12701.56
0:1:57.60,176.758,1240.0,-187.0,-3600.0,3682.81,-13101.56
0:1:58.13,420.898,921.0,-287.0,1807.81,-4807.81,11165.62
0:1:58.67,263.428,1029.0,-184.0,-4495.31,468.75,-11451.56
0:1:59.19,418.701,959.0,-247.0,250.0,-7625.0,13378.12
0:1:59.73,124.756,1211.0,-157.0,-6035.94,246.88,-9489.059
0:2:0.24,467.285,978.0,-329.0,990.6199,-4834.38,11446.88
0:2:0.73,115.234,1070.0,-177.0,-2146.88,8601.56,-13165.62
0:2:1.31,483.154,990.0,-278.0,1312.5,-5000.0,8375.0
0:2:1.80,239.502,1126.0,-92.0,-2271.88,4714.06,-9350.0
0:2:2.37,468.506,991.0,-242.0,-1171.88,-7889.06,9340.62
0:2:2.86,176.27,1052.0,-114.0,-3046.88,1814.06,-9507.81
0:2:3.44,393.555,959.9999,-199.0,879.69,-5684.38,9200.0
0:2:3.94,205.322,1170.0,-95.0,-2689.06,5173.44,-10085.94
0:2:4.99,128.174,1149.0,-47.0,-2853.12,5746.88,-10915.62
0:2:5.49,427.734,1056.0,-195.0,3254.69,-3237.5,14731.25
0:2:6.54,483.887,1008.0,-210.0,1590.62,-7050.0,14307.81
0:2:7.61,458.74,978.0,-175.0,-1150.0,-5450.0,14321.88
0:2:8.18,174.072,1188.0,-52.0,-5251.56,-196.88,-11856.25
0:2:8.66,543.945,1258.0,-171.0,1693.75,-2278.12,12007.81
0:2:9.15,100.098,1000.0,-95.0,296.88,11171.88,-13282.81
0:2:10.22,170.41,1179.0,-41.0,-5954.69,2710.94,-12106.25
0:2:11.18,196.777,1048.0,-82.0,206.25,5887.5,-12237.5
0:2:11.82,536.621,1311.0,-104.0,3485.94,-5776.56,9304.69
0:2:12.24,96.68,1068.0,-62.0,-2017.19,9775.001,-12267.19
0:2:12.78,534.668,1340.0,-239.0,1929.69,-7982.81,14642.19
0:2:13.30,84.473,1042.0,-9.0,-4737.5,3990.62,-11353.12
0:2:13.83,625.977,1154.0,-263.0,6271.88,-2398.44,9398.44
0:2:14.36,184.814,1239.0,-75.0,-6818.75,4482.81,-14201.56
0:2:14.80,523.926,1098.0,-236.0,-2467.19,-9314.059,16906.25
0:2:15.32,24.902,1191.0,-1.0,-4517.19,4885.94,-13070.31
0:2:15.87,730.713,1136.0,-187.0,1612.5,-7353.12,10696.88
0:2:16.40,107.91,1279.0,15.0,-5014.06,4289.06,-14568.75
0:2:16.93,575.195,1289.0,-43.0,4762.5,-6612.5,13857.81
0:2:17.35,-30.518,940.0,-99.00001,-5043.75,3385.94,-13248.44
0:2:17.89,543.213,1262.0,-178.0,4998.44,-2559.38,14129.69
0:2:18.84,448.486,1021.0,-305.0,585.94,-5023.44,14531.25
0:2:19.37,104.004,912.0,-115.0,-3296.88,6310.94,-17050.0
0:2:19.91,573.9749,1233.0,-276.0,2598.44,-4129.69,11198.44
0:2:20.33,-29.785,1071.0,18.0,-2004.69,10900.0,-15625.0
0:2:20.87,329.59,1114.0,-220.0,1742.19,-2287.5,15506.25
0:2:21.40,201.66,1045.0,-38.0,-2668.75,5470.31,-12756.25
0:2:21.93,433.838,1408.0,-197.0,2573.44,-6129.69,16420.31
0:2:22.46,188.232,1271.0,72.0,-3403.12,5890.62,-10757.81
0:2:23.0,418.701,1030.0,-239.0,1825.0,-3165.62,11700.0
0:2:23.42,173.096,1056.0,-51.0,351.56,7840.62,-12465.62
0:2:23.96,603.027,1306.0,-228.0,1273.44,-2820.31,13909.38
0:2:24.49,131.348,1185.0,-89.00001,-2150.0,6628.12,-14001.56
0:2:25.4,423.584,1096.0,-209.0,851.56,-6665.62,15215.62
0:2:25.56,80.56601,1195.0,35.0,-3093.75,7210.94,-13421.88
0:2:26.10,456.543,1062.0,-154.0,-554.69,-5134.38,13600.0
0:2:26.53,153.076,919.0,-111.0,-1351.56,3100.0,-16303.12
0:2:28.21,488.281,1042.0,-171.0,1217.19,-4457.81,14009.38
0:2:28.65,30.273,888.0,-60.0,-915.6199,6167.19,-16762.5
0:2:29.70,70.068,924.0,-100.0,-346.88,9270.309,-15637.5
0:2:30.23,547.119,938.0,-226.0,-734.38,-5621.88,16856.25
0:2:30.76,99.365,891.0,-156.0,-945.31,11970.31,-16221.88
0:2:31.29,396.728,1131.0,-225.0,-296.88,-1473.44,18398.44
0:2:31.83,91.797,1122.0,-99.00001,-2759.38,4406.25,-15328.12
0:2:32.36,440.43,1365.0,-137.0,1718.75,-3001.56,16800.0
0:2:32.89,83.252,1080.0,10.0,-6046.88,2428.12,-14465.62
0:2:33.43,457.764,1291.0,-141.0,834.38,-2870.31,17071.88
0:2:33.97,148.193,1081.0,-57.0,-2782.81,6607.81,-14304.69
0:2:34.50,472.168,1223.0,-171.0,1743.75,-5643.75,15729.69
0:2:35.3,109.375,923.0,-127.0,-1520.31,6575.0,-12889.06
0:2:35.56,590.82,1066.0,-229.0,2403.12,-1520.31,13823.44
0:2:36.13,122.803,1259.0,-29.0,-2625.0,5543.75,-15543.75
0:2:36.67,498.047,991.0,-251.0,2560.94,-8245.31,15731.25
0:2:37.20,145.02,1179.0,-35.0,-3737.5,7448.44,-15560.94
0:2:37.74,666.992,1157.0,-277.0,2089.06,-9289.06,13821.88
0:2:38.27,145.752,1126.0,-68.0,-3637.5,3910.94,-14909.38
0:2:38.81,602.051,1223.0,-202.0,2267.19,-1845.31,16367.19
0:2:39.34,115.479,1030.0,-5.0,-4800.0,4659.38,-14231.25
0:2:39.88,519.043,1138.0,-240.0,6306.25,1346.88,16215.62
0:2:40.41,-26.855,1165.0,115.0,-5654.69,6196.88,-16537.5
0:2:40.94,537.598,1084.0,-219.0,4410.94,-2490.62,16456.25
0:2:41.47,98.877,1223.0,30.0,-4628.12,5473.44,-15712.5
0:2:42.53,262.451,1214.0,-34.0,-5965.62,6492.19,-15134.38
0:2:44.10,504.15,1095.0,-160.0,2395.31,-4717.19,11140.62
0:2:46.21,405.762,1210.0,-213.0,4529.69,-3920.31,14332.81
0:2:46.74,217.041,1228.0,30.0,-2843.75,5362.5,-13896.88
0:2:47.27,458.496,1086.0,-231.0,3126.56,-4506.25,15503.12
0:2:48.33,495.605,1077.0,-191.0,1503.12,-6175.0,15006.25
0:2:48.86,201.904,1165.0,0.0,-3720.31,2685.94,-16057.81
0:2:49.40,453.857,1226.0,-139.0,4578.12,-2590.62,11978.12
0:2:49.83,209.717,951.0,-63.0,-939.06,4226.56,-13793.75
0:2:50.46,505.127,1102.0,-216.0,3375.0,-4476.56,13904.69
0:2:50.90,62.744,1031.0,37.0,1385.94,9443.75,-11496.88
0:2:51.53,498.535,1056.0,-243.0,2285.94,-4346.88,12448.44
0:2:52.7,168.701,1149.0,-10.0,-3654.69,3243.75,-13284.38
0:2:52.59,380.127,912.0,-160.0,1671.88,-5964.06,16957.81
0:2:53.12,189.941,1139.0,-52.0,-5014.06,2926.56,-13835.94
0:2:53.66,507.812,1055.0,-109.0,325.0,-6359.38,12701.56
0:2:54.72,514.648,1149.0,-182.0,521.88,-2600.0,10617.19
0:2:55.25,188.232,1154.0,-42.0,-5700.0,2634.38,-14420.31
0:2:55.79,417.969,1055.0,-243.0,2496.88,-2578.12,12457.81
0:2:56.31,231.934,1149.0,-31.0,-5239.06,3837.5,-13795.31
0:2:56.85,459.473,1283.0,-180.0,379.69,-10012.5,15145.31
0:2:57.38,120.361,1156.0,-10.0,-6298.44,1614.06,-14503.12
0:2:57.92,513.916,1290.0,-197.0,843.75,-3754.69,12770.31
0:2:58.44,179.932,1026.0,-62.0,-2676.56,9090.62,-16096.88
0:2:58.98,477.051,1210.0,-183.0,842.19,-4014.06,14728.12
0:2:59.53,159.424,1140.0,80.0,-3212.5,8493.751,-14278.12
0:3:0.7,532.715,1356.0,-159.0,-62.5,-4337.5,11937.5
0:3:1.11,484.375,1283.0,-125.0,1200.0,-3339.06,13117.19
0:3:1.61,115.234,904.0,-1.0,-1676.56,6912.5,-11865.62
0:3:2.17,445.312,1277.0,-180.0,765.62,-5843.75,15192.19
0:3:3.23,478.272,1127.0,-250.0,2092.19,-3523.44,11400.0
0:3:3.82,155.029,1113.0,2.0,-4685.94,2678.12,-12740.62
0:3:4.40,392.578,937.0,-228.0,3007.81,-3403.12,12298.44
0:3:4.89,178.467,1112.0,-41.0,-1109.38,8996.88,-11562.5
0:3:5.46,524.414,1059.0,-306.0,967.19,-3121.88,11468.75
0:3:5.95,180.42,965.0,-29.0,-2823.44,7478.12,-11464.06
0:3:6.53,500.977,1145.0,-213.0,3162.5,-492.19,10540.62
0:3:7.2,136.963,917.9999,-21.0,-2706.25,7731.25,-11539.06
0:3:8.8,152.344,872.0,-65.0,-1898.44,7676.56,-12360.94
0:3:8.66,484.131,1187.0,-269.0,1735.94,-6643.75,8921.88
0:3:9.33,3.906,435.0,-971.9999,193.75,3371.88,-3131.25
0:3:9.73,-23.682,-13.0,-1211.0,-1048.44,1871.88,1059.38
0:3:10.23,-75.684,202.0,-1194.0,-71.88,1709.38,-2368.75
0:3:10.77,65.674,-27.0,-1145.0,628.12,1218.75,2595.31
0:3:11.52,1469.726,-44.0,325.0,-2984.38,-22115.62,15157.81
0:3:11.96,-423.096,1404.0,99.00001,12448.44,17285.94,-38550.0
0:3:12.27,1361.084,-133.0,-545.0,5840.62,25482.81,18850.0
0:3:12.70,-881.348,1287.0,-6.0,11071.88,7026.56,-41568.75
0:3:13.3,1355.469,-1028.0,-746.0,18498.44,11898.44,14279.69
0:3:13.45,-1294.434,1253.0,146.0,18767.19,-14460.94,-29934.38
0:3:13.78,922.119,-853.0,-572.0,18835.94,-14750.0,16035.94
0:3:14.20,-702.148,1050.0,89.00001,22675.0,-768.75,-22687.5
0:3:14.53,478.76,-1052.0,-345.0,6789.06,-21703.12,21332.81
0:3:14.86,-12.695,849.0,-188.0,-3887.5,-19587.5,-23428.12
0:3:15.27,-32.959,-1058.0,-238.0,-8014.06,-22543.75,16190.62
0:3:15.61,-768.799,1078.0,158.0,3806.25,-24120.31,-26075.0
0:3:15.93,665.772,-1348.0,-305.0,12010.94,-4328.12,13507.81
0:3:16.35,-686.768,913.0,3.0,22543.75,12518.75,-16742.19
0:3:16.68,412.354,-940.0,-522.0,1581.25,-21620.31,17821.88
0:3:17.42,-33.447,-1102.0,-186.0,-2182.81,-32506.25,21618.75
0:3:17.75,-903.809,1269.0,210.0,5657.81,-38279.69,-14159.38
0:3:18.10,209.473,-852.0,-372.0,2728.12,-14746.88,7526.56
0:3:18.53,-497.314,838.9999,-125.0,33085.94,22996.88,-16510.94
0:3:18.86,-0.732,-1156.0,-281.0,4184.38,-20865.62,16818.75
0:3:19.28,-40.283,892.0,-237.0,29714.06,23945.31,-21337.5
0:3:19.61,-283.447,-934.9999,70.0,-6065.62,-10581.25,15770.31
0:3:19.94,-1070.557,1079.0,155.0,10576.56,-29679.69,-14796.88
0:3:20.25,482.422,-1160.0,-480.0,12268.75,-16898.44,14303.12
0:3:20.69,-812.988,883.0,88.0,22734.38,375.0,-19026.56
0:3:21.1,329.102,-823.0,-562.0,5720.31,-19243.75,12859.38
0:3:21.75,161.133,-1126.0,-298.0,1560.94,-34025.0,15957.81
0:3:22.8,404.785,1163.0,-318.0,-8046.88,162.5,-16103.12
0:3:22.50,165.283,-1122.0,-332.0,-1018.75,-23400.0,18564.06
0:3:23.24,-58.838,-884.0,-305.0,-1098.44,-24684.38,21539.06
0:3:23.57,-1040.283,1285.0,53.0,1932.81,-24460.94,-22804.69
0:3:23.89,1159.18,-945.0,-413.0,8714.06,-14571.88,13221.88
0:3:24.32,-857.91,1057.0,220.0,14829.69,-8265.62,-17778.12
0:3:24.64,521.484,-1085.0,-353.0,10471.88,-10718.75,12625.0
0:3:25.8,-884.522,929.0,117.0,20657.81,18204.69,-14760.94
0:3:25.39,39.551,-945.0,-406.0,1001.56,-13439.06,17318.75
0:3:25.83,-260.498,992.0,-34.0,23110.94,27601.56,-22857.81
0:3:26.14,-76.416,-1104.0,-232.0,-2112.5,-21220.31,19428.12
0:3:26.47,-391.113,1102.0,-15.0,-878.1199,-16935.94,-15128.12
0:3:26.90,-195.557,-680.0,-109.0,-6609.38,-5323.44,19676.56
0:3:27.22,-750.732,1035.0,45.0,6581.25,-5943.75,-15621.88
0:3:27.55,807.861,-926.0,-262.0,7792.19,-12828.12,15400.0
0:3:27.98,-533.447,971.0,-109.0,20868.75,2500.0,-23234.38
0:3:28.31,135.254,-1005.0,-420.0,1778.12,-22071.88,17226.56
0:3:28.63,229.98,1271.0,-144.0,-2279.69,-10550.0,-20692.19
0:3:29.6,-190.43,-1174.0,-268.0,390.62,-18935.94,15075.0
0:3:29.39,-188.965,949.0,-234.0,-4378.12,-18351.56,-17732.81
0:3:29.81,-149.658,-877.0,-34.0,-7456.25,-1504.69,18332.81
0:3:30.13,-841.797,1132.0,-103.0,11579.69,-28156.25,-18698.44
0:3:30.46,772.461,-892.0,-465.0,13907.81,-6359.38,12493.75
0:3:30.89,-694.336,823.0,-245.0,26592.19,14742.19,-12821.88
0:3:31.21,162.598,-859.0,-339.0,2493.75,-28460.94,17464.06
0:3:31.96,-173.828,-1040.0,-57.0,-3739.06,-9695.31,22285.94
0:3:32.27,-743.408,1133.0,-292.0,2987.5,-12523.44,-11645.31
0:3:32.71,-341.064,-775.0,-78.0,-10510.94,-10135.94,19837.5
0:3:33.4,-1125.732,1052.0,1.0,15806.25,-6439.06,-15250.0
0:3:33.78,-716.797,850.0,-160.0,19001.56,18082.81,-17317.19
0:3:34.9,516.357,-1128.0,-531.0,4617.19,-15692.19,11285.94
0:3:34.52,-148.682,774.0,-94.00001,20064.06,14525.0,-19553.12
0:3:34.84,-407.959,-1190.0,-107.0,-401.56,-19246.88,19723.44
0:3:35.16,-593.75,1000.0,-103.0,-7826.56,-12178.12,-22617.19
0:3:35.59,41.016,-917.9999,-27.0,-5709.38,-3498.44,21356.25
0:3:35.92,-849.609,1038.0,46.0,16143.75,-12496.88,-17035.94
0:3:36.24,1062.744,-1034.0,-524.0,15975.0,-11470.31,13665.62
0:3:36.67,-614.258,1011.0,23.0,20078.12,9687.5,-23503.12
0:3:37.0,-132.324,-1455.0,-343.0,1348.44,-26695.31,13839.06
0:3:37.31,69.336,809.0,-281.0,-11482.81,-18596.88,-18575.0
0:3:37.75,323.242,-1011.0,-164.0,-4912.5,-15670.31,21657.81
0:3:38.7,-979.004,1133.0,23.0,6170.31,-26112.5,-17385.94
0:3:38.39,522.461,-1109.0,-359.0,18243.75,-10828.12,12960.94
0:3:39.13,764.16,-1195.0,-511.0,15021.88,-14801.56,19581.25
0:3:39.46,539.062,1074.0,-557.0,-9120.31,-9475.0,-21129.69
0:3:39.89,-498.291,-1143.0,57.0,-73.44,-16821.88,17485.94
0:3:40.21,224.854,938.0,-406.0,-7904.69,-40268.75,-15454.69
0:3:40.96,-765.381,1031.0,-249.0,6856.25,-9959.38,-20317.19
0:3:41.28,968.75,-927.0,-378.0,12842.19,-24814.06,13120.31
0:3:41.70,-841.797,955.0,-101.0,23006.25,-6190.62,-16965.62
0:3:42.4,319.824,-967.0,-632.0,4507.81,-19575.0,18271.88
0:3:42.45,-38.574,969.0,-51.0,28303.12,20664.06,-23625.0
0:3:42.79,-318.359,-1146.0,141.0,-4006.25,-19003.12,23214.06
0:3:43.10,-862.793,1161.0,-298.0,14642.19,-23381.25,-21767.19
0:3:43.43,611.328,-962.0,-414.0,20554.69,-15771.88,11615.62
0:3:43.86,-897.9489,1062.0,32.0,23250.0,2192.19,-19804.69
0:3:44.18,528.809,-1124.0,-364.0,7937.5,-34498.44,17590.62
0:3:44.50,474.609,1217.0,-567.0,-7696.88,-15751.56,-20340.62
0:3:44.94,-238.281,-1198.0,-7.0,-3395.31,-20442.19,17506.25
0:3:45.29,-900.146,1064.0,-107.0,20035.94,-10603.12,-19917.19
0:3:45.62,423.584,-934.0,-432.0,2300.0,-23326.56,16990.62
0:3:46.5,-380.615,962.0,-173.0,19579.69,10750.0,-18464.06
0:3:46.37,296.143,-1158.0,-401.0,-2959.38,-23834.38,19457.81
0:3:46.69,-217.529,974.0,-562.0,1298.44,-11062.5,-17185.94
0:3:47.12,-289.551,-1218.0,30.0,-6879.69,-13040.62,19857.81
0:3:47.44,-838.623,1118.0,-1.0,6796.88,-11239.06,-14201.56
0:3:48.18,-795.41,1087.0,-95.0,8276.56,-20987.5,-21365.62
0:3:48.62,56.152,-619.0,125.0,-5579.69,16248.44,21823.44
0:3:48.94,-276.855,706.0,-132.0,16701.56,5900.0,-11418.75
0:3:49.26,-58.594,-830.9999,-313.0,-532.81,-31925.0,18951.56
0:3:49.58,605.713,1037.0,-401.0,-9232.81,-4893.75,-19446.88
0:3:50.2,607.666,-1617.0,-320.0,-14846.88,-23620.31,26962.5
0:3:50.33,-665.283,1407.0,-20.0,12828.12,-22410.94,-17871.88
0:3:51.18,371.826,1224.0,-200.0,-8434.38,2784.38,-13348.44
0:3:51.51,-257.324,-345.0,-256.0,467.19,-5851.56,13857.81
0:3:51.83,138.428,564.0,209.0,-3623.44,-600.0,-13317.19
0:3:52.16,503.906,-1040.0,-217.0,-2420.31,-18382.81,17218.75
0:3:52.58,-84.71701,901.0,-43.0,31637.5,10906.25,-23898.44
0:3:52.91,-434.326,-1345.0,-23.0,-856.25,-20576.56,19164.06
0:3:53.23,-479.492,1118.0,-58.0,14434.38,-10768.75,-25192.19
0:3:53.66,-55.42,-817.9999,150.0,-9595.309,-18884.38,24093.75
0:3:53.99,-999.512,1181.0,-123.0,15746.88,-6709.38,-24764.06
0:3:54.32,1224.365,-776.0,-410.0,13273.44,-6498.44,17903.12
0:3:54.75,-759.277,923.0,-52.0,23490.62,5090.62,-17715.62
0:3:55.8,467.773,-1139.0,-345.0,4801.56,-41921.88,18685.94
0:3:55.39,163.818,962.0,-511.0,-2226.56,-14914.06,-22231.25
0:3:55.83,106.934,-1228.0,-69.0,-1659.38,-17690.62,22690.62
0:3:56.14,-638.428,1238.0,119.0,1937.5,-14628.12,-27007.81
0:3:56.89,-754.394,1219.0,-34.0,4040.62,-11889.06,-23901.56
0:3:57.63,-1038.818,1162.0,54.0,23778.12,-6951.56,-35529.69
0:3:57.96,675.537,-1238.0,-420.0,14701.56,-27964.06,9812.5
0:3:58.27,548.34,1235.0,-359.0,-15885.94,-17742.19,-19939.06
0:3:58.71,-182.373,-1001.0,110.0,-482.81,-18384.38,13635.94
0:3:59.4,-165.771,891.0,-450.0,785.94,-14239.06,-21901.56
0:3:59.77,-734.375,1185.0,77.0,9418.75,-23521.88,-15710.94
0:4:0.49,-536.621,1057.0,-252.0,-1275.0,-27678.12,-17189.06
0:4:0.89,-140.625,-1196.0,207.0,375.0,-6218.75,19304.69
0:4:1.17,645.996,1121.0,-597.0,-7192.19,-6740.62,-25685.94
0:4:1.56,-61.768,-917.9999,-179.0,2789.06,-25357.81,15657.81
0:4:1.96,-801.27,995.0,-186.0,26725.0,-6190.62,-13885.94
0:4:2.34,-151.123,-796.0,70.0,-9229.691,-4575.0,24654.69
0:4:3.3,-532.471,-1289.0,-150.0,2650.0,-32898.44,19134.38
0:4:3.71,79.59,-751.0,-356.0,3401.56,-42106.25,10820.31
0:4:4.9,-901.123,1165.0,14.0,15325.0,-11582.81,-13651.56
0:4:4.48,-197.021,-1027.0,228.0,-7242.19,75.0,17212.5
0:4:4.78,-300.781,1041.0,-275.0,5184.38,-26296.88,-17278.12
0:4:5.16,-300.293,-996.0,-160.0,-1481.25,-29814.06,18364.06
0:4:5.47,1088.379,1370.0,-709.0,-10781.25,-11581.25,-22812.5
0:4:5.86,1003.662,-987.0,-584.0,6121.88,-25965.62,8643.75
0:4:6.25,-283.691,1116.0,-575.0,6257.81,-32801.56,-19210.94
0:4:6.64,-423.34,-1006.0,169.0,-918.75,-5535.94,21882.81
0:4:6.95,246.094,1112.0,-373.0,1187.5,-2400.0,-21828.12
0:4:7.33,537.842,-808.0,-394.0,5726.56,-28053.12,13998.44
0:4:7.73,-672.607,1490.0,241.0,15118.75,-12539.06,-14839.06
0:4:8.11,-226.318,-815.0,140.0,-1946.88,8676.559,15956.25
0:4:8.51,500.732,1010.0,-52.0,30356.25,9389.06,-27492.19
0:4:8.80,15.625,-1191.0,456.0,1995.31,-3923.44,19150.0
0:4:9.10,36.377,1506.0,-373.0,-1267.19,-15067.19,-16139.06
0:4:9.49,-539.795,-1292.0,-342.0,521.88,-30456.25,20376.56
0:4:9.89,-450.439,969.0,11.0,24382.81,23134.38,-17489.06
0:4:10.18,-60.303,-1360.0,-322.0,14692.19,-15892.19,14506.25
0:4:10.62,21.484,773.0,-175.0,37412.5,24623.44,-23029.69
0:4:10.94,-49.316,-1617.0,-201.0,1293.75,-30800.0,23251.56
0:4:11.26,-347.656,1236.0,-85.0,7778.12,-23665.62,-23407.81
0:4:11.69,297.607,-913.9999,128.0,-7290.62,-11323.44,22884.38
0:4:12.2,-945.557,1320.0,-234.0,14729.69,-29407.81,-22026.56
0:4:12.34,1473.877,-817.0,-412.0,14756.25,-2570.31,10126.56
0:4:12.77,-684.0819,940.0,21.0,40096.88,11840.62,-16926.56
0:4:13.13,536.377,-1366.0,134.0,-10834.38,-18207.81,25414.06
0:4:13.45,-649.17,1201.0,35.0,4000.0,-30075.0,-21234.38
0:4:13.88,36.865,-838.9999,238.0,-14781.25,-14959.38,18003.12
0:4:14.19,-1078.125,1045.0,45.0,17165.62,-18100.0,-16339.06
0:4:14.52,1010.986,-1161.0,-247.0,13701.56,-31356.25,21271.88
0:4:14.84,367.188,1139.0,-427.0,-16623.44,-30285.94,-17059.38
0:4:15.27,250.0,-1528.0,-154.0,3340.62,-11098.44,17745.31
0:4:15.59,-233.398,836.0,-198.0,1232.81,-20018.75,-27000.0
0:4:16.33,-995.85,1221.0,-69.0,16820.31,-21940.62,-18535.94
0:4:16.66,200.195,-978.0,-317.0,9648.44,-34707.81,15062.5
0:4:16.99,398.682,1355.0,-633.0,-21070.31,-20445.31,-16009.38
0:4:17.42,486.328,-1302.0,175.0,-2254.69,-7351.56,21917.19
0:4:17.75,-773.682,1486.0,-137.0,5870.31,-28329.69,-14279.69
0:4:18.81,255.615,-1580.0,-428.0,12340.62,-27035.94,14528.12
0:4:19.12,771.484,625.0,-411.0,-18145.31,-18709.38,-16557.81
0:4:19.55,113.281,-1344.0,-75.0,-4428.12,-16317.19,14839.06
0:4:19.88,-556.641,1413.0,-185.0,4592.19,-21939.06,-24715.62
0:4:20.21,799.316,-713.0,-497.0,10231.25,-12662.5,6328.12
0:4:20.64,-871.826,1265.0,148.0,28685.94,-129.69,-17590.62
0:4:20.97,183.105,-1472.0,-200.0,-6292.19,-22723.44,16481.25
0:4:21.29,297.607,1208.0,-341.0,2287.5,-9721.88,-22201.56
0:4:21.72,-183.105,-987.0,-60.0,-8482.81,-12784.38,20273.44
0:4:22.4,-711.67,1186.0,-109.0,15110.94,-21040.62,-16418.75
0:4:22.47,-33.203,-758.0,208.0,-7320.31,12575.0,19981.25
0:4:22.79,-524.902,866.0,-102.0,32450.0,9209.38,-21682.81
0:4:23.11,-15.137,-1511.0,-82.0,-2776.56,-24242.19,19412.5
0:4:23.44,-377.93,1000.0,-207.0,-556.25,-17450.0,-19304.69
0:4:23.87,-443.359,-921.0,32.0,-12439.06,-19790.62,18109.38
0:4:24.19,-885.498,1287.0,34.0,25282.81,-19532.81,-24637.5
0:4:24.52,1017.822,-951.0,-664.0,5376.56,-31265.62,14865.62
0:4:25.26,261.719,-1153.0,-467.0,-5929.69,-31239.06,18385.94
0:4:25.69,-104.248,905.9999,-96.0,31515.62,25706.25,-22121.88
0:4:26.2,-302.734,-1143.0,-3.0,-7448.44,-22675.0,21885.94
0:4:26.33,-593.018,1196.0,-89.00001,9787.5,-25398.44,-12850.0
0:4:26.66,530.029,-1021.0,-410.0,6903.12,-6751.56,16117.19
0:4:26.99,901.123,1347.0,-442.0,-6590.62,7771.88,-22296.88
0:4:27.42,-201.66,-1346.0,-179.0,1067.19,-39873.44,17106.25
0:4:27.75,-458.984,1359.0,-244.0,5279.69,-21346.88,-17107.81
0:4:28.49,-793.945,1194.0,-208.0,17606.25,-20526.56,-17720.31
0:4:28.92,591.064,-798.0,277.0,-17550.0,3157.81,21053.12
0:4:29.34,11.719,1350.0,404.0,19703.12,25460.94,-27251.56
0:4:30.51,-460.693,-62.0,-1462.0,1950.0,6018.75,6229.69
0:4:30.83,236.084,653.0,-231.0,7784.379,26014.06,-13829.69
0:4:31.15,459.473,-706.0,-271.0,-12850.0,-28059.38,13723.44
0:4:31.90,-100.098,79.0,-713.0,2378.12,-51.56,-2450.0
0:4:32.1,72.998,122.0,-913.0,937.5,-5345.31,3612.5
0:4:32.43,873.291,920.0,652.0,8504.691,-13723.44,-13114.06
0:4:32.76,1152.344,486.0,-398.0,11895.31,14596.88,12629.69
0:4:33.61,631.348,991.0,-592.0,-15676.56,-16206.25,-7568.75
0:4:33.93,899.658,529.0,-460.0,-3915.62,9112.5,5325.0
0:4:34.99,617.676,1439.0,-54.0,-439.06,-2290.62,7639.06
0:4:35.53,129.639,1116.0,116.0,270.31,1595.31,-12535.94
0:4:36.7,560.547,836.0,-183.0,-9106.25,-9143.75,17298.44
0:4:36.49,-227.539,1097.0,-6.0,5054.69,6885.94,-14798.44
0:4:37.3,749.268,1091.0,-14.0,-11504.69,-13620.31,12201.56
0:4:38.8,611.572,1348.0,121.0,-3517.19,-9654.691,12671.88
0:4:38.51,603.76,1044.0,83.0,2039.06,3929.69,-16671.88
0:4:39.4,615.723,1577.0,-45.0,1882.81,-7168.75,4951.56
0:4:39.79,421.143,1035.0,27.0,-1865.62,-6775.0,4332.81
0:4:39.91,383.057,1057.0,-70.0,2634.38,7703.12,-13870.31
0:4:40.12,225.83,1133.0,-150.0,-7898.44,-4939.06,25984.38
0:4:40.44,-454.102,1171.0,164.0,18278.12,25003.12,-20639.06
0:4:41.39,-188.965,1201.0,78.0,9790.62,18253.12,-22890.62
0:4:41.82,720.703,908.0,125.0,-19081.25,-14343.75,20618.75
0:4:42.35,-146.24,1076.0,-59.0,6189.06,17851.56,-22759.38
0:4:43.29,-38.818,963.9999,-59.0,4831.25,10837.5,-17056.25
0:4:43.83,824.463,1526.0,160.0,-6945.31,-14545.31,9328.12
0:4:44.26,204.834,1144.0,346.0,1214.06,10004.69,-11964.06
0:4:44.37,583.008,1566.0,-28.0,3037.5,15481.25,4006.25
0:4:44.80,1012.207,998.0,251.0,976.56,-7548.44,-6300.0
0:4:45.6,429.932,481.0,115.0,4400.0,-7650.0,2667.19
0:4:45.27,-119.873,845.0,-371.0,-6057.81,-1028.12,-4593.75
0:4:45.39,787.598,1294.0,-750.0,-5671.88,8557.81,4864.06
0:4:45.82,686.035,742.0,-600.0,-2587.5,-21960.94,26832.81
0:4:46.4,1031.494,528.0,107.0,484.38,-2276.56,-1265.62
0:4:46.68,72.266,948.0,-134.0,-1767.19,13051.56,-1143.75
0:4:46.79,722.9,861.0,82.0,-710.94,-13179.69,3581.25
0:4:47.1,755.859,665.0,127.0,187.5,539.06,-2235.94
0:4:47.33,633.545,90.0,-320.0,-2975.0,201.56,-7771.88
0:4:47.76,359.375,674.0,-120.0,321.88,14523.44,4537.5
0:4:47.99,685.547,859.9999,-64.0,-1270.31,920.31,-3109.38
0:4:48.20,455.322,934.0,-68.0,481.25,-3523.44,900.0
0:4:48.32,527.8319,994.0,-71.0,806.25,4371.88,-682.81
0:4:48.43,560.303,936.0,-45.0,-2632.81,-281.25,990.6199
0:4:48.55,593.994,963.0,-71.0,1359.38,1107.81,-518.75
0:4:48.88,556.641,963.0,-68.0,-114.06,-457.81,160.94
0:4:49.63,580.566,948.0,-82.0,292.19,782.81,-207.81
0:4:49.74,569.092,930.0,-70.0,-181.25,-664.06,178.12
0:4:49.96,595.703,942.9999,-69.0,-331.25,-131.25,-100.0
0:4:50.18,576.172,944.0,-80.0,123.44,134.38,153.12
0:4:51.56,576.172,919.0,-82.0,245.31,-414.06,-326.56
0:4:51.67,527.0999,934.0,-94.00001,-393.75,-351.56,334.38
0:4:52.63,582.031,928.0,-144.0,407.81,634.38,-100.0
0:4:53.16,587.402,922.0,-126.0,-195.31,-154.69,-178.12
0:4:53.48,571.289,903.0,-153.0,0.0,670.31,-157.81
0:4:54.43,581.299,938.0,-125.0,209.38,7.81,-78.12
0:4:54.66,550.781,1002.0,-138.0,9.38,757.81,-192.19
0:4:54.77,598.633,903.0,-121.0,-337.5,-821.88,146.88
0:4:55.82,586.182,919.0,-127.0,-15.62,-71.88,-207.81
0:4:55.95,585.938,924.0,-132.0,4.69,751.56,92.19001
0:4:56.47,587.158,917.0,-164.0,17.19,192.19,101.56
0:4:56.58,557.129,904.0,-151.0,164.06,-412.5,-323.44
0:4:56.71,621.5819,915.0,-168.0,7.81,239.06,564.06
0:4:57.12,583.496,919.0,-181.0,20.31,-392.19,-268.75
0:4:57.34,570.312,909.9999,-184.0,90.62,-154.69,-185.94
0:4:57.67,634.522,913.9999,-187.0,-12.5,2028.12,-337.5
0:4:57.89,573.486,874.0,-156.0,-1500.0,-1489.06,510.94
0:4:58.32,628.174,888.0,-142.0,175.0,1079.69,-529.69
0:4:58.44,595.703,853.0,-137.0,-831.25,-2310.94,409.38
0:4:58.98,605.469,909.0,-177.0,-940.6199,-3189.06,373.44
0:4:59.9,615.478,927.0,-158.0,521.88,1368.75,-632.81
0:4:59.51,468.018,895.0,-61.0,-339.06,-2079.69,1220.31
0:4:59.74,599.854,883.0,-102.0,-2451.56,-4720.31,-482.81
0:4:59.85,556.152,959.9999,-216.0,2325.0,5201.56,-142.19
0:5:0.16,646.484,902.0,-130.0,585.94,-3729.69,-550.0
0:5:1.3,533.447,924.0,-323.0,826.56,6498.44,-1520.31
0:5:1.23,567.627,892.9999,-174.0,-1057.81,1981.25,610.94
0:5:1.34,495.605,884.9999,-330.0,-914.06,14412.5,-3073.44
0:5:1.63,516.1129,984.0,-53.0,1434.38,-2260.94,535.94
0:5:2.3,723.144,836.0,-184.0,273.44,9298.441,-5346.879
0:5:2.13,817.627,745.0,72.0,5504.69,843.75,-1392.19
0:5:2.52,780.518,912.0,227.0,-1593.75,-625.0,-4754.69
0:5:3.10,885.742,689.0,430.0,-1173.44,-10654.69,2554.69
0:5:3.30,1185.303,481.0,94.00001,5265.62,21331.25,-7735.94
0:5:3.60,829.59,553.0,-52.0,-4587.5,-10481.25,2215.62
0:5:3.71,497.559,516.0,-178.0,-589.06,-6296.88,-332.81
0:5:3.91,772.461,677.0,-165.0,1787.5,-8329.691,2106.25
0:5:4.11,1028.32,926.0,-406.0,2203.12,-2182.81,6134.38
0:5:4.41,1269.531,174.0,367.0,-4376.56,-20973.44,-7604.69
0:5:4.61,887.2069,647.0,-343.0,-1546.88,10432.81,-2279.69
0:5:4.71,980.225,586.0,-184.0,8684.38,16789.06,3873.44
0:5:5.48,564.697,757.0,203.0,-5534.379,-1823.44,1310.94
0:5:6.36,352.539,1391.0,98.0,6017.19,1856.25,-2845.31
0:5:6.94,395.02,1124.0,18.0,-5207.81,2204.69,5548.44
0:5:7.71,980.713,249.0,537.0,2879.69,16596.88,-7445.31
0:5:7.92,539.795,978.0,390.0,-479.69,3485.94,407.81
0:5:8.69,43.457,1299.0,536.0,7887.5,1287.5,-4398.44
0:5:9.93,700.195,983.0,-26.0,-2704.69,-8175.0,2778.12
0:5:10.88,469.238,998.0,115.0,-21201.56,-11979.69,13989.06
0:5:11.40,-62.256,1146.0,-6.0,10625.0,10168.75,-20629.69
0:5:11.94,570.312,1270.0,205.0,-203.12,6346.879,12964.06
0:5:12.36,0.0,963.9999,-115.0,7062.5,14556.25,-20735.94
0:5:12.89,489.258,1244.0,58.0,-6606.25,-11509.38,15051.56
0:5:13.85,536.377,971.0,-108.0,-10501.56,-12729.69,16223.44
0:5:14.40,226.318,1211.0,-128.0,4646.88,-1196.88,-18443.75
0:5:14.83,382.324,952.0,-145.0,-10473.44,-8998.441,19384.38
0:5:15.36,41.26,842.0,-36.0,6435.94,8218.75,-16856.25
0:5:15.90,462.646,1239.0,-47.0,-5976.56,-4018.75,14265.62
0:5:16.42,-206.787,1171.0,156.0,-2678.12,-876.56,-16243.75
0:5:16.96,638.184,1338.0,41.0,1070.31,854.69,11851.56
0:5:17.50,259.521,1602.0,-6.0,3351.56,2068.75,-17651.56
0:5:17.92,394.043,1322.0,-21.0,-9401.56,-14575.0,20440.62
0:5:18.45,57.129,1209.0,30.0,568.75,6854.69,-18096.88
0:5:18.89,515.625,984.9999,-143.0,-3576.56,-1835.94,17039.06
0:5:19.41,73.242,971.0,-61.0,5051.56,6167.19,-16839.06
0:5:19.95,476.318,1365.0,-170.0,-5045.31,-5985.94,17665.62
0:5:20.48,91.309,1341.0,101.0,5179.69,10246.88,-16576.56
0:5:21.43,25.391,1084.0,-116.0,3940.62,8428.12,-15137.5
0:5:21.97,594.971,1238.0,-109.0,-6235.94,-9735.941,15512.5
0:5:22.50,132.324,1395.0,-66.0,837.5,381.25,-15129.69
0:5:22.93,619.385,1036.0,-157.0,-7679.69,-6854.69,16701.56
0:5:23.46,24.17,1436.0,-115.0,3943.75,5671.88,-17778.12
0:5:24.0,690.674,1021.0,-46.0,-6746.88,-7234.38,10198.44
0:5:24.52,116.211,1102.0,-211.0,1275.0,1645.31,-16000.0
0:5:24.96,422.607,1107.0,-137.0,-10282.81,-1871.88,19012.5
0:5:27.6,422.607,1293.0,-34.0,-9034.38,-4421.88,15715.62
0:5:27.59,129.639,1090.0,-86.0,4057.81,8557.81,-13489.06
0:5:28.11,632.324,1123.0,-6.0,-11835.94,-13873.44,17290.62
0:5:28.55,-62.988,1063.0,-123.0,9365.62,15451.56,-15615.62
0:5:29.9,606.201,1266.0,-50.0,-9690.619,-16092.19,13360.94
0:5:29.61,245.605,1006.0,-135.0,4064.06,4181.25,-16396.88
0:5:30.14,608.398,1239.0,-79.0,-3810.94,-3673.44,13367.19
0:5:30.58,148.438,905.9999,-53.0,6751.56,7896.88,-15175.0
0:5:31.10,354.248,986.0,-131.0,-9704.691,-8492.19,19109.38
0:5:31.64,207.764,1237.0,-12.0,3201.56,5829.69,-17920.31
0:5:32.17,509.522,1422.0,64.0,-2054.69,-2370.31,12540.62
0:5:32.60,72.754,1111.0,7.0,3565.62,15653.12,-15190.62
0:5:33.13,447.266,1135.0,-146.0,-2378.12,-2070.31,14990.62
0:5:33.67,239.014,1180.0,-173.0,-4143.75,-4673.44,-14543.75
0:5:34.11,456.055,1137.0,-163.0,-1721.88,5332.81,16851.56
0:5:34.64,127.441,1271.0,32.0,2609.38,5964.06,-13309.38
0:5:35.17,632.568,1137.0,-32.0,-5190.62,-7992.19,13339.06
0:5:35.71,289.795,1214.0,-67.0,-1667.19,-1270.31,-11787.5
0:5:36.23,632.812,1319.0,131.0,-6017.19,-14850.0,14220.31
0:5:36.67,112.793,973.0,-28.0,2875.0,6196.88,-10578.12
0:5:37.21,541.748,1178.0,-152.0,2575.0,5332.81,13514.06
0:5:37.75,189.453,1166.0,-11.0,2493.75,6575.0,-12034.38
0:5:38.27,614.014,782.0,-159.0,-1873.44,-5829.69,14895.31
0:5:38.71,-14.16,1116.0,-12.0,8231.25,10659.38,-11671.88
0:5:39.76,117.92,1094.0,-51.0,4907.81,7823.44,-13109.38
0:5:40.82,86.182,1316.0,101.0,4545.31,9634.379,-15879.69
0:5:41.34,457.52,1242.0,-125.0,-4165.62,-3851.56,16426.56
0:5:41.88,178.711,1291.0,71.0,1070.31,243.75,-13662.5
0:5:42.41,655.273,1198.0,-50.0,-6309.38,-13193.75,13395.31
0:5:42.83,124.512,1080.0,-26.0,6287.5,5904.69,-16415.62
0:5:43.89,70.312,967.9999,-71.0,4053.12,4379.69,-14140.62
0:5:44.42,497.803,1179.0,-151.0,-3253.12,-3518.75,15012.5
0:5:44.96,-184.326,1169.0,105.0,1693.75,-890.6199,-13820.31
0:5:45.49,494.385,1210.0,-162.0,-1896.88,-6539.06,7867.19
0:5:45.93,135.498,1558.0,-95.0,3450.0,-1917.19,-18503.12
0:5:46.45,550.049,967.9999,-185.0,-20012.5,-20900.0,18554.69
0:5:46.88,-46.143,1344.0,-44.0,9482.81,6135.94,-17935.94
0:5:47.41,517.822,1270.0,-72.0,-13468.75,-10817.19,14209.38
0:5:47.94,69.58,1134.0,-46.0,1043.75,5770.31,-10495.31
0:5:48.47,408.203,1035.0,-54.0,-5959.38,-14581.25,12479.69
0:5:49.1,614.014,761.0,-138.0,1215.62,1484.38,-7601.56
0:5:49.64,535.4,804.0,219.0,196.88,7426.56,3395.31
0:5:49.76,717.285,1068.0,375.0,7970.31,1807.81,-1823.44
0:5:50.29,616.455,551.0,696.0,-5564.06,-9528.12,-4792.19
0:5:50.82,1151.856,1035.0,691.0,5493.75,4907.81,1729.69
0:5:50.94,808.35,698.0,233.0,-4529.69,20357.81,-606.25
0:5:51.26,770.996,482.0,-18.0,1495.31,7448.44,310.94
0:5:51.37,858.398,445.0,190.0,-3615.62,-6446.88,614.06
0:5:52.2,909.424,819.0,211.0,5370.31,5776.56,-4121.88
0:5:52.12,873.047,837.0,106.0,860.94,-3948.44,6200.0
0:5:52.77,1197.022,188.0,322.0,2407.81,-1831.25,-4137.5
0:5:53.2,1211.67,28.0,112.0,1351.56,-1134.38,1425.0
0:5:53.14,1198.73,152.0,42.0,5315.62,7632.81,-4870.31
0:5:53.36,848.633,207.0,-134.0,1275.0,-923.44,1320.31
0:5:54.9,1279.541,33.0,243.0,3917.19,401.56,-5712.5
0:5:54.30,885.498,0.0,25.0,-603.12,-4337.5,1101.56
0:5:54.74,1190.674,67.0,170.0,-6748.44,-278.12,5946.88
0:5:54.85,914.551,203.0,247.0,57.81,-1009.38,-1381.25
0:5:55.27,1190.43,248.0,62.0,984.38,668.75,4131.25
0:5:55.71,1069.092,-153.0,106.0,-1976.56,-953.1199,-3332.81
0:5:56.3,711.67,-42.0,163.0,185.94,-2526.56,1604.69
0:5:56.25,1300.049,-1.0,308.0,3153.12,-3354.69,-3017.19
0:5:56.36,1073.242,21.0,114.0,603.12,435.94,3123.44
0:5:57.10,1113.037,198.0,263.0,-3087.5,13150.0,9456.25
0:5:57.95,550.781,-56.0,22.0,2290.62,2229.69,-7471.879
0:5:58.16,1251.221,-11.0,261.0,-7584.38,-7700.0,19978.12
0:5:58.81,1002.93,192.0,126.0,3242.19,-539.06,-1650.0
0:5:59.23,955.8109,159.0,271.0,-3654.69,-2935.94,3017.19
0:5:59.98,883.789,247.0,139.0,3450.0,-2392.19,-4589.06
0:6:0.68,965.576,199.0,412.0,-4878.12,-2284.38,960.94
0:6:1.35,668.945,76.0,-113.0,6768.75,129.69,-5239.06
0:6:2.4,739.258,281.0,276.0,-5784.379,-3089.06,2139.06
0:6:2.71,532.471,272.0,-25.0,11062.5,4904.69,-5929.69
0:6:3.39,657.227,1013.0,153.0,-12715.62,-7790.62,4904.69
0:6:3.97,90.576,1185.0,-105.0,6935.94,7362.5,-13557.81
0:6:4.46,584.717,908.0,-144.0,-9121.88,-9621.88,15223.44
0:6:5.5,86.426,1051.0,-131.0,3370.31,4509.38,-12651.56
0:6:5.52,562.256,1064.0,-173.0,-8550.0,-6003.12,18160.94
0:6:6.20,906.25,975.0,-10.0,2665.62,-1312.5,-2559.38
0:6:6.50,864.258,352.0,451.0,-2990.62,-423.44,743.75
0:6:6.61,1017.578,716.0,802.0,-1957.81,423.44,-3282.81
0:6:6.71,767.334,749.0,657.0,-10789.06,-34046.88,6104.69
0:6:6.91,508.301,633.0,259.0,295.31,2725.0,-1400.0
0:6:7.11,632.568,832.0,355.0,12665.62,2993.75,628.12
0:6:7.60,713.623,586.0,746.0,-4198.44,-2745.31,-2223.44
0:6:7.90,527.344,614.0,358.0,2332.81,3700.0,2489.06
0:6:8.76,816.162,251.0,653.0,-10971.88,-2593.75,-3118.75
0:6:8.87,692.139,353.0,774.0,-2909.38,1125.0,-2490.62
0:6:10.44,738.525,535.0,568.0,-31.25,-1287.5,4314.06
0:6:11.8,552.246,313.0,544.0,4468.75,-17115.62,5978.12
0:6:11.29,1091.309,372.0,665.0,5325.0,4535.94,-3973.44
0:6:11.73,920.166,570.0,140.0,1562.5,-1810.94,995.31
0:6:12.78,738.77,504.0,33.0,1226.56,-3845.31,4315.62
0:6:13.0,972.656,940.0,51.0,415.62,-6823.44,-3746.88
0:6:13.32,549.316,1042.0,-76.0,3748.44,8081.25,1907.81
0:6:14.48,1099.854,429.0,147.0,843.75,6218.75,-2165.62
0:6:15.54,890.625,566.0,-223.0,632.81,-98.44001,1537.5
0:6:16.48,846.4359,-104.0,601.0,9328.12,-5831.25,-5251.56
0:6:16.60,1003.418,-229.0,487.0,-9084.38,-11610.94,12012.5
0:6:16.82,1005.127,80.0,25.0,3737.5,7720.31,-3421.88
0:6:17.14,980.713,-56.0,91.0,-910.94,-632.81,92.19001
0:6:17.36,1511.963,-26.0,-6.0,685.94,4893.75,2015.62
0:6:17.58,989.014,-13.0,-194.0,3187.5,-9675.0,-4640.62
0:6:18.32,957.275,67.0,-377.0,-343.75,785.94,-253.12
0:6:18.44,951.904,73.0,-373.0,256.25,-743.75,476.56
0:6:18.76,956.543,71.0,-379.0,-40.62,407.81,-103.12
0:6:18.88,954.59,73.0,-372.0,57.81,-346.88,117.19
0:6:19.73,953.125,74.0,-372.0,20.31,-48.44,-53.12
0:6:20.5,955.322,80.0,-367.0,-153.12,-160.94,-48.44
0:6:20.16,958.252,76.0,-364.0,45.31,-509.38,101.56
0:6:20.27,953.613,78.0,-373.0,-10.94,28.12,-26.56
0:6:20.92,959.228,75.0,-376.0,-67.19,-160.94,68.75
0:6:22.60,952.881,77.0,-380.0,-57.81,120.31,-76.56
0:6:22.72,959.9609,77.0,-379.0,60.94,-151.56,45.31
0:6:22.83,957.275,73.0,-382.0,-42.19,171.88,-70.31
0:6:24.92,947.266,75.0,-394.0,-6.25,-32.81,81.25
0:6:26.60,947.022,70.0,-401.0,-171.88,575.0,-371.88
0:6:26.72,946.533,73.0,-403.0,26.56,160.94,81.25
0:6:27.46,953.3689,71.0,-397.0,-21.88,-123.44,-51.56
0:6:29.66,952.881,71.0,-400.0,-28.12,-131.25,-43.75
0:6:30.93,944.8239,72.0,-420.0,-9.38,650.0,-87.5
0:6:31.4,1004.394,77.0,-447.0,1140.62,-1018.75,259.38
0:6:31.36,614.502,-83.0,-647.0,-2404.69,-9301.559,-8304.69
0:6:31.89,606.201,44.0,-905.9999,-762.5,-843.75,4592.19
0:6:32.32,272.705,119.0,-974.0,-679.69,-8525.001,-1392.19
0:6:32.43,330.811,214.0,-1001.0,1104.69,-3929.69,-3762.5
0:6:32.65,461.182,138.0,-941.0,3762.5,135.94,-770.31
0:6:32.91,922.8519,-213.0,-615.0,-5612.5,-10432.81,2532.81
0:6:33.12,700.684,99.00001,-718.0,4756.25,14428.12,-2770.31
0:6:33.56,1009.522,3.0,-476.0,-973.44,-2512.5,2098.44
0:6:33.67,898.682,-49.0,-453.0,118.75,1639.06,-951.56
0:6:33.99,929.443,-31.0,-445.0,378.12,-28.12,12.5
0:6:34.22,935.059,-25.0,-444.0,242.19,701.56,-282.81
0:6:34.55,896.973,-23.0,-398.0,42.19,-3254.69,1321.88
0:6:34.66,938.2319,-31.0,-406.0,218.75,42.19,-315.62
0:6:34.78,936.035,-32.0,-426.0,-432.81,-460.94,615.62
0:6:35.0,941.894,-15.0,-466.0,228.12,-223.44,432.81
0:6:35.11,864.502,-55.0,-484.0,548.44,1473.44,-796.88
0:6:35.22,926.758,-31.0,-480.0,-626.56,-1021.88,601.56
0:6:35.55,907.471,-28.0,-484.0,242.19,767.19,-337.5
0:6:35.77,887.451,-34.0,-493.0,-6.25,-248.44,59.38
