0:0:0,x,y,z
0:1:30.7,-1881.25,-448.44,631.25
0:1:30.27,195.31,-1193.75,2398.44
0:1:30.49,2326.56,-1010.94,4307.81
0:1:30.71,1156.25,-3914.06,2387.5
0:1:30.92,-15879.69,4712.5,-425.0
0:1:31.14,-13039.06,-10721.88,2254.69
0:1:31.35,11148.44,-10331.25,445.31
0:1:31.57,-4317.19,-16609.38,-13865.62
0:1:31.80,3965.62,6614.06,-3915.62
0:1:32.2,3926.56,13042.19,21900.0
0:1:32.23,-129.69,-1626.56,1292.19
0:1:32.44,-23.44,-2210.94,-11729.69
0:1:32.66,-8628.119,-8476.56,-6906.25
0:1:32.88,520.31,2379.69,1421.88
0:1:33.15,4834.38,3851.56,16604.69
0:1:33.37,-82.81,2184.38,2773.44
0:1:33.58,-1873.44,-5706.25,-24875.0
0:1:33.80,-273.44,-6265.62,-6162.5
0:1:34.2,2126.56,7442.19,12142.19
0:1:34.23,2170.31,-128.12,13895.31
0:1:34.45,-964.06,-2196.88,-310.94
0:1:34.67,-7271.88,-12976.56,-17937.5
0:1:34.89,-85.94001,-2496.88,-5651.56
0:1:35.12,5964.06,14062.5,17709.38
0:1:35.34,-328.12,-3695.31,3582.81
0:1:35.56,12.5,-3053.12,-7223.44
0:1:35.78,-7879.69,-7806.25,-16982.81
0:1:36.0,1940.62,4965.62,3748.44
0:1:36.22,8623.441,13767.19,18012.5
0:1:36.44,-1176.56,-4734.38,-296.88
0:1:36.71,-2684.38,-989.06,-21714.06
0:1:36.93,-1306.25,-4581.25,-7709.38
0:1:37.14,1934.38,5518.75,11768.75
0:1:37.36,6015.62,2926.56,15065.62
0:1:37.58,-2898.44,-8514.06,-2070.31
0:1:37.80,-5528.12,-11887.5,-16098.44
0:1:38.3,51.56,-6771.88,-5151.56
0:1:38.24,3590.62,13868.75,18300.0
0:1:38.45,1110.94,-2592.19,8084.38
0:1:38.68,370.31,-1175.0,-6442.19
0:1:38.90,-7825.0,-14796.88,-17053.12
0:1:39.13,-3843.75,434.38,5121.88
0:1:39.36,5762.5,16443.75,17364.06
0:1:39.58,-456.25,910.94,570.31
0:1:39.80,-1157.81,-6864.06,-18032.81
0:1:40.3,-3387.5,-6875.0,-13626.56
0:1:40.30,4134.38,13931.25,14404.69
0:1:40.52,2212.5,368.75,11985.94
0:1:40.74,-1081.25,-4515.62,-6435.94
0:1:41.0,-7629.69,-13028.12,-9523.44
0:1:41.20,-3004.69,-5007.81,64.06
0:1:41.41,4657.81,13898.44,17260.94
0:1:41.61,62.5,-3789.06,3217.19
0:1:41.82,818.75,20.31,-5985.94
0:1:42.3,-6417.19,-13979.69,-11890.62
0:1:42.23,-1587.5,-5956.25,-1692.19
0:1:42.44,3878.12,12296.88,15548.44
0:1:42.65,2506.25,-2818.75,4014.06
0:1:42.85,-3926.56,-8246.88,2079.69
0:1:43.6,-3487.5,-4320.31,-15706.25
0:1:43.27,40.62,-5185.94,-1296.88
0:1:43.47,2993.75,8703.12,9715.62
0:1:43.73,2564.06,-892.19,4462.5
0:1:43.93,-2260.94,-6184.38,973.44
0:1:44.13,-3121.88,-3120.31,-15740.62
0:1:44.34,-510.94,-3723.44,-6085.94
0:1:44.54,3460.94,8364.059,12609.38
0:1:44.76,6817.19,6112.5,11809.38
0:1:44.96,-1276.56,-4200.0,1975.0
0:1:45.17,-1782.81,3318.75,-18657.81
0:1:45.38,-979.69,-5403.12,-7246.88
0:1:45.58,2318.75,5512.5,8892.191
0:1:45.79,7567.19,9885.941,15032.81
0:1:46.0,-245.31,-3073.44,3195.31
0:1:46.20,-910.94,998.44,-18096.88
0:1:46.41,-4815.62,-7367.19,-8948.441
0:1:46.62,1209.38,3479.69,9289.06
0:1:46.82,7618.75,14934.38,18309.38
0:1:47.8,287.5,-3576.56,2573.44
0:1:47.28,-982.81,545.31,-20639.06
0:1:47.50,-4717.19,-7007.81,-8575.0
0:1:47.71,2010.94,3139.06,11340.62
0:1:47.93,7437.5,14764.06,17665.62
0:1:48.14,889.06,-2200.0,-800.0
0:1:48.35,-3237.5,-2768.75,-11096.88
0:1:48.55,-6928.12,-11478.12,-8898.44
0:1:48.77,-1204.69,1576.56,5426.56
0:1:48.98,5609.38,14506.25,16723.44
0:1:49.19,-317.19,-1434.38,1789.06
0:1:49.40,498.44,1878.12,-12776.56
0:1:49.61,-7798.44,-11954.69,-10054.69
0:1:49.84,-371.88,2792.19,3768.75
0:1:50.6,8800.0,20598.44,12032.81
0:1:50.26,-193.75,-5532.81,3307.81
0:1:50.53,-603.12,-937.5,-17703.12
0:1:50.74,-3998.44,-8529.691,-8134.379
0:1:50.95,2214.06,5807.81,9826.56
0:1:51.16,7690.62,16356.25,14634.38
0:1:51.37,-1331.25,-6589.06,121.88
0:1:51.58,-2250.0,-1435.94,-17657.81
0:1:51.79,-5614.06,-8701.56,-6398.44
0:1:52.0,1000.0,4751.56,8928.12
0:1:52.21,7812.5,12603.12,15968.75
0:1:52.42,2109.38,1270.31,-1826.56
0:1:52.64,562.5,3384.38,-14540.62
0:1:52.86,-5550.0,-9409.38,-7876.56
0:1:53.7,2298.44,4681.25,8362.5
0:1:53.28,6146.88,11290.62,16246.88
0:1:53.50,-2020.31,-6828.12,-1151.56
0:1:53.72,-764.06,685.94,-14960.94
0:1:53.98,-196.88,-3576.56,-7326.56
0:1:54.20,2240.62,7320.31,13259.38
0:1:54.42,4775.0,5920.31,9162.5
0:1:54.63,-2337.5,-5473.44,1737.5
0:1:54.85,-4612.5,-5943.75,-17690.62
0:1:55.6,-1493.75,-5131.25,-8134.379
0:1:55.26,3106.25,7418.75,12506.25
0:1:55.48,5100.0,4178.12,12568.75
0:1:55.70,-2479.69,-7568.75,4484.38
0:1:55.91,-2262.5,559.38,-21521.88
0:1:56.13,-935.94,-2912.5,-4448.44
0:1:56.35,3717.19,7671.88,12929.69
0:1:56.56,11182.81,2195.31,13657.81
0:1:56.78,-2846.88,-4046.88,3381.25
0:1:57.0,-5353.12,-717.19,-24182.81
0:1:57.21,-1453.12,-5990.62,-4726.56
0:1:57.48,4331.25,6100.0,17720.31
0:1:57.69,1385.94,-2404.69,7171.88
0:1:57.91,1417.19,178.12,-4120.31
0:1:58.12,-10246.88,-10182.81,-15789.06
0:1:58.34,-1709.38,-3723.44,-893.75
0:1:58.57,4831.25,8956.25,17348.44
0:1:58.78,1496.88,-423.44,1425.0
0:1:59.0,590.62,973.44,-4056.25
0:1:59.21,-10539.06,-9287.5,-16387.5
0:1:59.43,-1331.25,-510.94,2025.0
0:1:59.65,7021.88,11306.25,16387.5
0:1:59.88,-1610.94,-5707.81,2034.38
0:2:0.10,5096.88,13304.69,-10984.38
0:2:0.31,-16803.12,-19854.69,-10900.0
0:2:0.52,-457.81,1464.06,6471.879
0:2:0.73,6675.0,7425.0,15295.31
0:2:1.0,2629.69,2668.75,-3621.88
0:2:1.19,3831.25,11196.88,-10879.69
0:2:1.41,-11046.88,-11528.12,-8770.309
0:2:1.62,1882.81,2023.44,8306.251
0:2:1.83,5525.0,6985.94,14229.69
0:2:2.4,376.56,737.5,-321.88
0:2:2.24,1825.0,3357.81,-6939.06
0:2:2.45,-13360.94,-15615.62,-8807.81
0:2:2.66,1317.19,2071.88,-1239.06
0:2:2.88,3314.06,4626.56,17656.25
0:2:3.9,835.94,-279.69,121.88
0:2:3.29,951.56,-428.12,-3606.25
0:2:3.51,-7303.12,-8956.25,-15051.56
0:2:3.72,-1353.12,721.88,112.5
0:2:3.94,5217.19,9787.5,13010.94
0:2:4.15,3084.38,3128.12,-2059.38
0:2:4.42,1735.94,4940.62,-9970.309
0:2:4.64,-8320.31,-9120.31,-6143.75
0:2:4.85,2539.06,3625.0,3804.69
0:2:5.6,6384.38,10115.62,15139.06
0:2:5.26,1231.25,1270.31,-385.94
0:2:5.48,3128.12,6135.94,-7556.25
0:2:5.70,-10673.44,-14360.94,-10412.5
0:2:5.92,1184.38,2942.19,5721.879
0:2:6.18,6676.56,6159.379,13853.12
0:2:6.37,817.19,-2621.88,-2676.56
0:2:6.57,-651.56,2114.06,-8870.31
0:2:6.77,-8132.811,-7773.44,-7948.44
0:2:6.96,1228.12,5248.44,-2514.06
0:2:7.16,5609.38,6850.0,15390.62
0:2:7.37,1179.69,1976.56,1064.06
0:2:7.58,-3142.19,-8935.941,6.25
0:2:7.82,-9840.62,-10556.25,-10767.19
0:2:8.2,-1732.81,-1959.38,-239.06
0:2:8.20,4820.31,6720.31,10145.31
0:2:8.40,939.06,-2660.94,8398.44
0:2:8.59,1828.12,3646.88,-1954.69
0:2:8.80,-1592.19,468.75,-9457.809
0:2:9.0,-4167.19,-3135.94,-10879.69
0:2:9.18,2628.12,4676.56,4087.5
0:2:9.38,9518.75,11985.94,12521.88
0:2:9.57,643.75,1156.25,5042.19
0:2:9.77,464.06,-1450.0,-3164.06
0:2:9.97,-12142.19,-14223.44,-18070.31
0:2:10.17,-1407.81,-2601.56,-453.12
0:2:10.38,4209.38,8106.25,12167.19
0:2:10.58,2264.06,531.25,9985.941
0:2:10.79,-1092.19,-8228.12,-2907.81
0:2:11.4,-4025.0,-8150.001,-13153.12
0:2:11.24,-3751.56,-4248.44,-4010.94
0:2:11.45,6298.44,9546.88,14362.5
0:2:11.67,1439.06,-1195.31,7346.879
0:2:11.88,-1781.25,-5610.94,2657.81
0:2:12.9,-6409.379,-12481.25,-13487.5
0:2:12.29,-2770.31,-5306.25,-6482.81
0:2:12.49,4217.19,7657.81,11773.44
0:2:12.70,3348.44,-1087.5,11548.44
0:2:12.92,-3770.31,-6920.31,3173.44
0:2:13.13,-5095.31,-4498.44,-19132.81
0:2:13.34,393.75,-1357.81,-9110.941
0:2:13.55,4251.56,5476.56,13642.19
0:2:13.76,5182.81,1320.31,13670.31
0:2:13.97,1148.44,2832.81,-3260.94
0:2:14.18,239.06,4089.06,-19960.94
0:2:14.45,-737.5,-4459.38,-2881.25
0:2:14.66,4450.0,7998.44,14235.94
0:2:14.87,3784.38,428.12,10479.69
0:2:15.8,-771.88,-1479.69,-506.25
0:2:15.28,-1821.88,-2064.06,-18721.88
0:2:15.49,-3328.12,-4909.38,-2606.25
0:2:15.71,4248.44,6482.81,9351.56
0:2:15.92,6846.879,896.88,14620.31
0:2:16.13,-1921.88,-293.75,-3706.25
0:2:16.34,510.94,3160.94,-16235.94
0:2:16.56,-1770.31,-2459.38,-7600.0
0:2:16.77,4140.62,4392.19,14734.38
0:2:16.99,5398.44,1514.06,10535.94
0:2:17.21,-3562.5,-5465.62,943.75
0:2:17.42,-2723.44,1985.94,-18951.56
0:2:17.64,-1276.56,-2035.94,-8478.12
0:2:17.90,4429.69,7568.75,14509.38
0:2:18.10,3256.25,-939.06,11485.94
0:2:18.32,-4348.44,-9917.191,2070.31
0:2:18.54,-1231.25,2357.81,-19926.56
0:2:18.76,-1971.88,-3314.06,-3067.19
0:2:18.97,4298.44,8389.06,10062.5
0:2:19.19,3382.81,-229.69,11582.81
0:2:19.40,642.19,2254.69,-1507.81
0:2:19.61,-6996.88,-9359.38,-19956.25
0:2:19.84,-1754.69,-5685.94,-6337.5
0:2:20.5,4740.62,8095.31,14204.69
0:2:20.26,1156.25,-5306.25,11665.62
0:2:20.47,-2628.12,-5281.25,81.25
0:2:20.68,-5909.379,-8890.62,-18443.75
0:2:20.90,-2392.19,-5710.94,-4171.88
0:2:21.12,3696.88,8198.441,14576.56
0:2:21.40,2039.06,492.19,-856.25
0:2:21.61,-2764.06,-5210.94,-1610.94
0:2:21.82,-8073.44,-9485.941,-16021.88
0:2:22.4,810.94,2687.5,-7375.0
0:2:22.25,4257.81,5181.25,16156.25
0:2:22.46,2629.69,312.5,3895.31
0:2:22.69,-2210.94,-1826.56,-407.81
0:2:22.90,-7318.75,-6929.69,-23545.31
0:2:23.12,-1326.56,-634.38,-1543.75
0:2:23.34,6168.75,9373.441,13423.44
0:2:23.56,2481.25,-662.5,6154.69
0:2:23.77,-1596.88,-2809.38,-2103.12
0:2:24.0,-6987.5,-5964.06,-20610.94
0:2:24.21,-1181.25,437.5,-1637.5
0:2:24.43,6121.88,8175.0,14060.94
0:2:24.64,3470.31,7235.94,4704.69
0:2:24.92,-3285.94,-2587.5,-12106.25
0:2:25.13,-6657.81,-6685.94,-16064.06
0:2:25.35,2442.19,5490.62,-57.81
0:2:25.59,9176.559,6375.0,23445.31
0:2:25.81,846.88,-165.62,1450.0
0:2:26.3,-1007.81,2420.31,-10528.12
0:2:26.23,-8201.56,-6789.06,-10610.94
0:2:26.46,129.69,2545.31,2525.0
0:2:26.67,8270.309,7018.75,18906.25
0:2:26.90,2182.81,5556.25,146.88
0:2:27.13,-4171.88,-2478.12,-8257.81
0:2:27.35,-8801.559,-7654.69,-9375.0
0:2:27.57,1418.75,4700.0,-2184.38
0:2:27.79,7145.31,8443.75,23031.25
0:2:28.2,2131.25,2693.75,412.5
0:2:28.23,-1757.81,-3214.06,-15004.69
0:2:28.51,-1839.06,-2620.31,-11900.0
0:2:28.74,3085.94,6159.379,15362.5
0:2:28.95,3965.62,-1071.88,15068.75
0:2:29.18,678.12,-278.12,2601.56
0:2:29.40,-5275.0,-7014.06,-20532.81
0:2:29.62,-735.94,-714.06,-10243.75
0:2:29.85,4604.69,6985.94,17250.0
0:2:30.8,-325.0,-7442.19,6573.44
0:2:30.30,-279.69,-1120.31,551.56
0:2:30.53,-6625.0,-7860.94,-18951.56
0:2:30.75,-667.19,-2517.19,-2012.5
0:2:30.98,4178.12,7064.06,14704.69
0:2:31.25,1776.56,4284.38,-3889.06
0:2:31.45,-3143.75,-6610.94,-1765.62
0:2:31.65,-7146.88,-7503.12,-17657.81
0:2:31.86,-121.88,270.31,-1389.06
0:2:32.12,4928.12,8035.94,12896.88
0:2:32.32,-2457.81,-6271.88,1412.5
0:2:32.52,-1426.56,-3312.5,-2160.94
0:2:32.73,-6528.12,-8768.75,-11896.88
0:2:32.94,-656.25,-720.31,-5060.94
0:2:33.14,4018.75,7773.44,11459.38
0:2:33.35,3540.62,73.44,7442.19
0:2:33.56,-1704.69,-2181.25,3998.44
0:2:33.76,-2245.31,-3073.44,-17582.81
0:2:33.97,-2868.75,-4089.06,-5848.44
0:2:34.17,3551.56,6651.56,8507.81
0:2:34.38,6814.06,2967.19,14860.94
0:2:34.58,742.19,678.12,-307.81
0:2:34.79,2268.75,7046.88,-10331.25
0:2:34.99,-10781.25,-10490.62,-8946.879
0:2:35.21,-84.38,2810.94,1589.06
0:2:35.47,6853.12,5668.75,14056.25
0:2:35.67,842.19,89.06,171.88
0:2:35.88,1176.56,3943.75,-11109.38
0:2:36.9,-9093.75,-7500.0,-7159.379
0:2:36.29,226.56,2259.38,1396.88
0:2:36.50,5782.81,9181.251,15885.94
0:2:36.71,645.31,1792.19,2206.25
0:2:36.92,-1098.44,600.0,-6092.19
0:2:37.12,-8400.001,-11398.44,-14310.94
0:2:37.33,-864.06,801.56,-2820.31
0:2:37.55,4529.69,7660.94,16303.12
0:2:37.76,2420.31,1662.5,-707.81
0:2:37.97,-1407.81,-3434.38,4478.12
0:2:38.18,-8096.88,-8892.191,-20543.75
0:2:38.40,873.44,-810.94,-5354.69
0:2:38.61,4378.12,9273.44,16525.0
0:2:38.87,14.06,65.62,-3651.56
0:2:39.7,-35.94,-2040.62,-2621.88
0:2:39.29,-8215.62,-10237.5,-11001.56
0:2:39.49,132.81,1975.0,-4282.81
0:2:39.70,4626.56,9862.5,15910.94
0:2:39.91,1695.31,-1229.69,2571.88
0:2:40.11,-326.56,-4459.38,1960.94
0:2:40.33,-6548.44,-9471.88,-17275.0
0:2:40.54,-1946.88,-4710.94,-4610.94
0:2:40.76,2875.0,6378.12,15628.12
0:2:40.98,-679.69,-3101.56,1976.56
0:2:41.19,-1554.69,-2848.44,3232.81
0:2:41.40,-8570.31,-18359.38,-16956.25
0:2:41.62,-1746.88,-2740.62,-6484.38
0:2:41.83,4635.94,11540.62,17484.38
0:2:42.6,-562.5,-6390.62,4553.12
0:2:42.32,-676.56,-1975.0,-5609.38
0:2:42.53,-7754.69,-9853.12,-12237.5
0:2:42.74,-812.5,2781.25,-2756.25
0:2:42.95,4310.94,8264.06,17165.62
0:2:43.16,-75.0,-1934.38,-2370.31
0:2:43.38,-3968.75,-6106.25,200.0
0:2:43.60,-8126.56,-9992.19,-19423.44
0:2:43.81,-664.06,1475.0,859.38
0:2:44.2,4126.56,6946.88,11234.38
0:2:44.23,2031.25,2920.31,1503.12
0:2:44.44,573.44,-1557.81,457.81
0:2:44.66,-9951.56,-12982.81,-17829.69
0:2:44.88,925.0,2896.88,-7492.19
0:2:45.9,4343.75,7673.44,15103.12
0:2:45.30,-326.56,-4051.56,6770.31
0:2:45.52,-1984.38,-4773.44,748.44
0:2:45.78,-9554.69,-8646.88,-13771.88
0:2:46.0,-473.44,517.19,-1420.31
0:2:46.21,5207.81,13104.69,21271.88
0:2:46.42,-426.56,-5168.75,-2414.06
0:2:46.64,578.12,1290.62,-7039.06
0:2:46.86,-5562.5,-3815.62,-13707.81
0:2:47.8,-1339.06,475.0,3912.5
0:2:47.28,5978.12,9687.5,18982.81
0:2:47.49,207.81,-1770.31,-4378.12
0:2:47.72,973.44,909.38,-5312.5
0:2:47.94,-8659.38,-9185.941,-15353.12
0:2:48.16,23.44,1879.69,3034.38
0:2:48.38,5971.879,9729.691,20132.81
0:2:48.59,1857.81,3150.0,-2832.81
0:2:48.81,-290.62,31.25,-6565.62
0:2:49.4,-9140.62,-9446.879,-12321.88
0:2:49.30,678.12,2978.12,10654.69
0:2:49.51,6470.31,10090.62,18796.88
0:2:49.73,1317.19,287.5,-1726.56
0:2:49.94,-106.25,393.75,-11387.5
0:2:50.16,-9203.12,-8796.88,-8632.81
0:2:50.38,1303.12,4239.06,9346.88
0:2:50.61,8325.0,5365.62,20565.62
0:2:50.82,1706.25,146.88,2484.38
0:2:51.4,1034.38,4307.81,-16689.06
0:2:51.26,-7795.31,-7043.75,-5725.0
0:2:51.48,4865.62,6182.81,2343.75
0:2:51.70,5654.69,710.94,20539.06
0:2:51.93,-1473.44,-3587.5,3510.94
0:2:52.15,-2553.12,-3225.0,-18706.25
0:2:52.37,-1517.19,-654.69,-10020.31
0:2:52.60,4592.19,3776.56,12665.62
0:2:52.87,4925.0,7282.81,7570.31
0:2:53.9,120.31,-1854.69,-3156.25
0:2:53.30,-7396.88,-10104.69,-19975.0
0:2:53.53,-3031.25,-2109.38,-4293.75
0:2:53.76,5009.38,9910.941,18234.38
0:2:53.98,128.12,-3398.44,1314.06
0:2:54.21,-523.44,-581.25,-9484.38
0:2:54.43,-9815.619,-9809.38,-5829.69
0:2:54.66,2275.0,3600.0,4948.44
0:2:54.89,7923.44,4979.69,22903.12
0:2:55.12,40.62,-2526.56,2039.06
0:2:55.34,-6339.06,-4815.62,-24004.69
0:2:55.57,-2012.5,-4093.75,-9153.12
0:2:55.79,3246.88,6354.69,14907.81
0:2:56.1,4862.5,-382.81,13687.5
0:2:56.24,-3317.19,-5650.0,1614.06
0:2:56.51,-11245.31,-12645.31,-17917.19
0:2:56.72,-1029.69,-3182.81,-6337.5
0:2:56.92,4496.88,7817.19,18578.12
0:2:57.12,1446.88,-2353.12,8728.12
0:2:57.33,-2271.88,-4212.5,109.38
0:2:57.53,-6657.81,-6965.62,-23132.81
0:2:57.75,-2056.25,-5885.94,-7696.88
0:2:57.95,2684.38,7034.379,16767.19
0:2:58.16,5523.44,-520.31,15984.38
0:2:58.36,-1662.5,-2475.0,-5239.06
0:2:58.56,-2243.75,-614.06,-15165.62
0:2:58.77,-1220.31,-4957.81,-11768.75
0:2:58.98,2139.06,6871.88,12357.81
0:2:59.18,7626.56,9151.56,22350.0
0:2:59.38,-1125.0,-2240.62,-4673.44
0:2:59.59,-840.6199,-1103.12,-17748.44
0:2:59.85,-1270.31,-5050.0,-11348.44
0:3:0.6,3351.56,7603.12,16070.31
0:3:0.27,7481.25,2035.94,15359.38
0:3:0.47,950.0,-1765.62,-3346.88
0:3:0.66,301.56,6017.19,-14526.56
0:3:0.86,-7604.69,-5562.5,-15053.12
0:3:1.5,-1907.81,-1695.31,8128.119
0:3:1.24,5621.88,11559.38,19114.06
0:3:1.44,535.94,-2362.5,2895.31
0:3:1.64,-1207.81,-818.75,-6701.56
0:3:1.85,-5087.5,-5718.75,-22320.31
0:3:2.4,-1217.19,-8446.879,5362.5
0:3:2.23,3026.56,9671.88,9910.941
0:3:2.44,2910.94,-435.94,13757.81
0:3:2.64,-978.1199,-3415.62,-4643.75
0:3:2.84,-768.75,1139.06,-14426.56
0:3:3.9,-451.56,-4248.44,-5403.12
0:3:3.29,4051.56,9237.5,10370.31
0:3:3.49,5459.38,446.88,16904.69
0:3:3.68,767.19,650.0,-446.88
0:3:3.88,217.19,1956.25,-13985.94
0:3:4.8,-8320.31,-7246.88,-6832.81
0:3:4.28,235.94,1765.62,5475.0
0:3:4.48,7453.12,12981.25,17868.75
0:3:4.69,1509.38,2515.62,-1592.19
0:3:4.90,-817.19,-2921.88,-4579.69
0:3:5.9,-6634.38,-9884.379,-11207.81
0:3:5.29,-2626.56,1737.5,-10495.31
0:3:5.49,3201.56,8731.25,15628.12
0:3:5.70,2804.69,-712.5,10007.81
0:3:5.90,-400.0,1081.25,534.38
0:3:6.11,-3770.31,-8153.12,-22284.38
0:3:6.36,-459.38,-2639.06,-6485.94
0:3:6.56,3285.94,9256.25,15442.19
0:3:6.76,2581.25,-492.19,10656.25
0:3:6.96,-1010.94,-435.94,471.88
0:3:7.16,-3540.62,-5945.31,-21525.0
0:3:7.36,-1112.5,-2940.62,-11029.69
0:3:7.57,2950.0,8404.691,12101.56
0:3:7.77,5931.25,4704.69,16973.44
0:3:7.98,901.56,457.81,-4346.88
0:3:8.18,-1592.19,-3545.31,-12717.19
0:3:8.39,-5081.25,-6812.5,-7785.94
0:3:8.59,35.94,3170.31,9542.191
0:3:8.80,5603.12,11640.62,20603.12
0:3:9.1,1454.69,2025.0,-1753.12
0:3:9.21,598.44,1628.12,-8615.62
0:3:9.42,-8328.12,-8601.56,-12104.69
0:3:9.67,1390.62,4043.75,13126.56
0:3:9.87,7251.56,10515.62,20884.38
0:3:10.8,1756.25,3117.19,-4585.94
0:3:10.29,1028.12,353.12,-14962.5
0:3:10.51,-8703.12,-10817.19,-5601.56
0:3:10.73,640.62,3464.06,9506.25
0:3:10.94,6345.31,10810.94,19946.88
0:3:11.16,-4.69,-1959.38,-2657.81
0:3:11.37,-1620.31,-2987.5,-11551.56
0:3:11.59,-7101.56,-10723.44,-7339.06
0:3:11.82,646.88,3762.5,12104.69
0:3:12.3,6734.38,11117.19,21500.0
0:3:12.24,2015.62,2823.44,-4042.19
0:3:12.45,1093.75,295.31,-11293.75
0:3:12.68,-8523.44,-11154.69,-6170.31
0:3:12.89,1085.94,6339.06,6676.56
0:3:13.16,5079.69,1846.88,18937.5
0:3:13.38,1143.75,3148.44,-4592.19
0:3:13.59,-1720.31,-5504.69,-17092.19
0:3:13.81,-4623.44,-8001.56,-6804.69
0:3:14.2,4201.56,6651.56,2562.5
0:3:14.23,2553.12,5131.25,15381.25
0:3:14.45,-1664.06,553.12,3593.75
0:3:14.67,-400.0,-6828.12,-24451.56
0:3:14.89,-2356.25,-4034.38,-11020.31
0:3:15.11,2759.38,7081.25,16159.38
0:3:15.33,2956.25,-689.06,11407.81
0:3:15.55,465.62,1385.94,-3775.0
0:3:15.77,-6979.69,-12750.0,-12801.56
0:3:16.0,-2535.94,-2089.06,-9223.441
0:3:16.22,3720.31,9312.5,16037.5
0:3:16.44,298.44,-3203.12,1057.81
0:3:16.71,73.44,1417.19,-9090.62
0:3:16.93,-10576.56,-10614.06,-5817.19
0:3:17.15,2657.81,3456.25,4417.19
0:3:17.37,6696.88,7656.25,17698.44
0:3:17.61,1845.31,928.1199,-682.81
0:3:17.84,928.1199,1989.06,-14759.38
0:3:18.7,-1289.06,-4421.88,-6154.69
0:3:18.28,3276.56,6353.12,8167.19
0:3:18.51,2931.25,153.12,17360.94
0:3:18.73,475.0,-295.31,296.88
0:3:18.96,-4196.88,-9300.0,-20617.19
0:3:19.19,-2703.12,-6862.5,-4882.81
0:3:19.41,3267.19,6770.31,14785.94
0:3:19.63,-1092.19,-4404.69,4615.62
0:3:19.86,-295.31,656.25,-534.38
0:3:20.8,-8387.5,-12959.38,-15779.69
0:3:20.34,-1595.31,1381.25,4135.94
0:3:20.57,6796.88,14048.44,18735.94
0:3:20.80,1037.5,2176.56,-2939.06
0:3:21.2,-442.19,-996.88,-8593.75
0:3:21.24,-6567.19,-7121.88,-8014.06
0:3:21.46,1882.81,3520.31,8776.56
0:3:21.72,5335.94,5895.31,13865.62
0:3:21.93,-612.5,-2000.0,-635.94
0:3:22.13,1662.5,2198.44,-12182.81
0:3:22.34,-5523.44,-8921.88,-7403.12
0:3:22.54,1242.19,4178.12,5735.94
0:3:22.74,6779.69,10229.69,20579.69
0:3:22.95,2484.38,5906.25,-1787.5
0:3:23.16,206.25,1490.62,-9426.559
0:3:23.37,-8604.691,-10035.94,-8354.691
0:3:23.58,400.0,4810.94,-4342.19
0:3:23.84,6132.81,9865.62,18496.88
0:3:24.4,1950.0,2210.94,-2810.94
0:3:24.23,-1479.69,-1182.81,-4221.88
0:3:24.43,-9015.62,-11845.31,-13631.25
0:3:24.64,-253.12,2303.12,-6393.75
0:3:24.85,4089.06,9259.379,18071.88
0:3:25.6,-1087.5,-6495.31,2876.56
0:3:25.26,-2335.94,-3760.94,518.75
0:3:25.46,-4506.25,-9140.62,-16079.69
0:3:25.67,-1807.81,-4192.19,-10012.5
0:3:25.89,24295.31,4768.75,3406.25
0:3:26.10,-19629.69,2300.0,573.44
0:3:26.30,2648.44,576.56,-3639.06
0:3:26.51,-2198.44,1468.75,2364.06
0:3:26.71,-7110.94,-17135.94,10550.0
0:3:26.92,11293.75,19110.94,6518.75
0:3:27.17,-16353.12,1473.44,2195.31
0:3:27.39,-16090.62,-2401.56,-33545.31
0:3:27.59,16606.25,-25753.12,-4678.12
0:3:27.81,10621.88,53354.69,48037.5
0:3:28.2,135.94,-11950.0,-46050.0
0:3:28.22,7914.06,-6628.12,-10279.69
0:3:28.44,11853.12,-11531.25,40032.81
0:3:28.65,-8720.309,35535.94,10475.0
0:3:28.87,-6546.88,8956.25,-10993.75
0:3:29.8,5600.0,3548.44,-11015.62
0:3:29.28,-14107.81,22923.44,25079.69
0:3:29.49,-6382.81,-6843.75,-49570.31
0:3:29.70,-148.44,-6484.38,-21448.44
0:3:29.92,14300.0,-23885.94,60568.75
0:3:30.13,-12617.19,34935.94,-204.69
0:3:30.34,-7662.5,10718.75,-26785.94
0:3:30.60,19176.56,-9471.88,21870.31
0:3:30.81,650.0,47350.0,17170.31
0:3:31.2,-2489.06,-8473.441,-16193.75
0:3:31.22,16462.5,3662.5,-18323.44
0:3:31.44,6270.31,23648.44,31879.69
0:3:31.65,-1726.56,21104.69,-47615.62
0:3:31.86,4268.75,-9917.191,-4334.38
0:3:32.7,8704.691,-32859.38,45878.12
0:3:32.28,-31284.38,19303.12,30528.12
0:3:32.49,-9850.0,6873.44,-26901.56
0:3:32.71,4737.5,-12595.31,-12445.31
0:3:32.92,-13629.69,26906.25,33856.25
0:3:33.14,3228.12,-19723.44,-30764.06
0:3:33.35,4198.44,-10237.5,-33025.0
0:3:33.56,8828.12,-14506.25,35118.75
0:3:33.78,13118.75,-701.56,3881.25
0:3:34.5,-15142.19,-21500.0,-28185.94
0:3:34.26,-2757.81,-12721.88,43920.31
0:3:34.47,-27010.94,14703.12,13001.56
0:3:34.69,-1779.69,-10531.25,-12985.94
0:3:34.90,12776.56,-4539.06,5267.19
0:3:35.14,-6854.69,31485.94,19104.69
0:3:35.35,24600.0,-25673.44,-36173.44
0:3:35.57,12303.12,-15056.25,-19223.44
0:3:35.79,-179.69,41607.81,31564.06
0:3:36.1,-9792.191,-12721.88,-25314.06
0:3:36.21,-3809.38,-19095.31,-38312.5
0:3:36.43,11296.88,-9782.809,47065.62
0:3:36.64,-22484.38,-2465.62,12343.75
0:3:36.87,-13959.38,-24751.56,-26090.62
0:3:37.8,12973.44,6631.25,-2025.0
0:3:37.29,4579.69,43145.31,24640.62
0:3:37.55,11904.69,-11910.94,-4415.62
0:3:37.77,12926.56,1021.88,3545.31
0:3:37.99,-11192.19,26587.5,19225.0
0:3:38.20,21181.25,1970.31,-37842.19
0:3:38.42,26385.94,-14098.44,-11753.12
0:3:38.64,-10971.88,14495.31,29367.19
0:3:38.86,-5454.69,-12525.0,-30243.75
0:3:39.8,-7523.44,-17712.5,-29501.56
0:3:39.29,9060.941,-19170.31,46901.56
0:3:39.51,-2134.38,29754.69,-960.94
0:3:39.74,-11587.5,-12081.25,-23212.5
0:3:39.96,25393.75,-5265.62,16968.75
0:3:40.19,-21496.88,17675.0,30651.56
0:3:40.41,-27473.44,-27403.12,-17890.62
0:3:40.62,13579.69,-5625.0,2164.06
0:3:40.85,-12345.31,37160.94,24395.31
0:3:41.12,-13945.31,-20910.94,-14970.31
0:3:41.35,7917.19,-4342.19,-7189.06
0:3:41.58,-24803.12,36304.69,19717.19
0:3:41.80,25545.31,-11251.56,-27937.5
0:3:42.2,35189.06,-6154.69,-16742.19
0:3:42.24,2751.56,23706.25,34554.69
0:3:42.46,13425.0,-2670.31,-35493.75
0:3:42.69,-2793.75,-12459.38,-41264.06
0:3:42.92,6254.69,14721.88,26995.31
0:3:43.13,-17935.94,-1454.69,-9164.06
0:3:43.36,-10239.06,-20879.69,-18201.56
0:3:43.58,-1634.38,-3764.06,5982.81
0:3:43.81,-21843.75,23376.56,12193.75
0:3:44.3,-20207.81,-38395.31,2407.81
0:3:44.25,11725.0,-178.12,7579.69
0:3:44.47,-27384.38,29353.12,6960.94
0:3:44.75,2442.19,-3090.62,-29862.5
0:3:44.98,14637.5,-2471.88,32714.06
0:3:45.20,-32771.88,21590.62,20471.88
0:3:45.42,12773.44,-22581.25,-19665.62
0:3:45.64,22475.0,-20714.06,15773.44
0:3:45.90,-38190.62,21326.56,15260.94
0:3:46.11,9878.119,-6875.0,-24326.56
0:3:46.31,34357.81,6731.25,-7957.81
0:3:46.51,5660.94,6982.81,25087.5
0:3:46.72,6389.06,20237.5,-5117.19
0:3:46.94,-11135.94,-17260.94,-17523.44
0:3:47.14,23359.38,-6595.31,12698.44
0:3:47.35,-17982.81,24770.31,22828.12
0:3:47.56,16926.56,-24414.06,-19926.56
0:3:47.76,19317.19,-4585.94,1575.0
0:3:47.96,-8350.0,123.44,23242.19
0:3:48.22,2242.19,-28812.5,-9929.69
0:3:48.43,2618.75,7854.69,-42989.06
0:3:48.63,9276.56,-6315.62,15067.19
0:3:48.84,-13150.0,36400.0,25240.62
0:3:49.5,-5271.88,-26953.12,-3387.5
0:3:49.24,15537.5,2064.06,-27148.44
0:3:49.45,-10115.62,13015.62,26682.81
0:3:49.67,2978.12,-17215.62,-13843.75
0:3:49.87,-13556.25,-27862.5,-41185.94
0:3:50.8,11732.81,-8704.691,28042.19
0:3:50.28,-23857.81,30764.06,24328.12
0:3:50.48,9754.691,-29512.5,-10967.19
0:3:50.69,19959.38,5837.5,-53370.31
0:3:50.90,-1735.94,25346.88,37971.88
0:3:51.12,-12687.5,-35018.75,-15068.75
0:3:51.33,9898.44,-32176.56,-24209.38
0:3:51.59,-9095.309,7392.19,22400.0
0:3:51.81,22167.19,9075.0,-6981.25
0:3:52.2,6515.62,-5148.44,-25325.0
0:3:52.22,26228.12,-6264.06,35643.75
0:3:52.44,-31984.38,32093.75,38429.69
0:3:52.65,24490.62,9314.059,-25934.38
0:3:52.87,17339.06,-14076.56,-32103.12
0:3:53.7,3517.19,29595.31,29687.5
0:3:53.27,4675.0,5734.38,-32578.12
0:3:53.48,2137.5,-29709.38,-29878.12
0:3:53.70,5906.25,-4959.38,25484.38
0:3:53.91,-29007.81,16340.62,17012.5
0:3:54.12,-1001.56,-14887.5,-12665.62
0:3:54.33,8615.62,437.5,-3317.19
0:3:54.55,-6507.81,13243.75,28995.31
0:3:54.76,-10210.94,481.25,-31009.38
0:3:55.2,10050.0,-7817.19,-15120.31
0:3:55.22,-2892.19,3731.25,16373.44
0:3:55.43,8578.12,12929.69,-3482.81
0:3:55.64,5151.56,-23106.25,-17134.38
0:3:55.85,12378.12,759.38,13396.88
0:3:56.7,-18495.31,17462.5,10085.94
0:3:56.27,-5592.19,-22204.69,-16165.62
0:3:56.49,10764.06,-10007.81,-31867.19
0:3:56.70,4581.25,22220.31,18448.44
0:3:56.91,-7510.94,-12003.12,-26651.56
0:3:57.12,-2732.81,-37487.5,-12935.94
0:3:57.34,12759.38,-6239.06,22707.81
0:3:57.56,-27467.19,12281.25,16800.0
0:3:57.78,-17371.88,-16168.75,30450.0
0:3:57.99,22651.56,831.25,-21595.31
0:3:58.21,-26000.0,17018.75,38284.38
0:3:58.47,46129.69,-3515.62,-13007.81
0:3:58.69,-2273.44,8878.119,-44514.06
0:3:58.91,-10273.44,8170.31,34493.75
0:3:59.13,-9350.0,-7168.75,-22189.06
0:3:59.35,-3132.81,-24159.38,-34225.0
0:3:59.56,25851.56,-15020.31,22420.31
0:3:59.77,-48742.19,7762.5,18268.75
0:4:0.0,-13607.81,-20053.12,-539.06
0:4:0.19,18059.38,426.56,-7264.06
0:4:0.40,-14434.38,24960.94,21582.81
0:4:0.61,18796.88,-15850.0,-6367.19
0:4:0.81,-17048.44,-10906.25,-45198.44
0:4:1.2,18064.06,268.75,20831.25
0:4:1.21,-10200.0,28632.81,39750.0
0:4:1.42,-15934.38,-6317.19,-11768.75
0:4:1.63,15129.69,-13150.0,-30160.94
0:4:1.88,-17371.88,39753.12,31982.81
0:4:2.10,32237.5,6267.19,-25715.62
0:4:2.31,7512.5,-6873.44,-41862.5
0:4:2.52,3035.94,-121.88,35371.88
0:4:2.73,-25120.31,17925.0,12631.25
0:4:2.94,410.94,-9865.62,-33195.31
0:4:3.15,2553.12,2768.75,10228.12
0:4:3.36,-19145.31,34059.38,36579.69
0:4:3.58,27735.94,-8200.0,-18743.75
0:4:3.79,6767.19,4401.56,-55870.31
0:4:4.0,2206.25,29534.38,37857.81
0:4:4.20,19246.88,-18509.38,-6203.12
0:4:4.42,-23929.69,-16595.31,-31015.62
0:4:4.63,30085.94,-23503.12,31067.19
0:4:4.85,-27934.38,15593.75,32415.62
0:4:5.7,-18045.31,-42260.94,7603.12
0:4:5.33,16929.69,5489.06,-1595.31
0:4:5.55,-9009.379,29545.31,26132.81
0:4:5.76,-22862.5,-27650.0,3721.88
0:4:5.98,23529.69,-11373.44,3185.94
0:4:6.19,-11006.25,21853.12,33064.06
0:4:6.40,6123.44,-20092.19,-24314.06
0:4:6.61,-11746.88,-4975.0,-60471.88
0:4:6.83,11257.81,1550.0,27840.62
0:4:7.5,-35095.31,24601.56,11601.56
0:4:7.25,-9028.12,-17876.56,389.06
0:4:7.46,17898.44,1606.25,-13643.75
0:4:7.68,-3776.56,21114.06,29498.44
0:4:7.89,-307.81,9045.31,-39664.06
0:4:8.11,9209.38,-14509.38,-37423.44
0:4:8.33,17717.19,-3506.25,41320.31
0:4:8.54,-38001.56,-31940.62,-68243.75
0:4:8.82,-30184.38,-22212.5,-39932.81
0:4:9.3,17571.88,-4492.19,27500.0
0:4:9.23,-33229.69,29129.69,27332.81
0:4:9.45,182.81,-10698.44,11492.19
0:4:9.66,18282.81,2045.31,-16673.44
0:4:9.93,-15418.75,32262.5,35442.19
0:4:10.12,31971.88,-6875.0,-20026.56
0:4:10.33,-2742.19,-15453.12,-56748.44
0:4:10.53,15214.06,-4339.06,46028.12
0:4:10.73,-29790.62,8907.809,9873.441
0:4:10.94,11934.38,4878.12,-9993.751
0:4:11.15,-2250.0,5821.88,-12835.94
0:4:11.36,-18615.62,46234.38,42815.62
0:4:11.56,1387.5,-196.88,-45337.5
0:4:11.77,-18376.56,-2734.38,-53184.38
0:4:11.98,12248.44,-7390.62,23685.94
0:4:12.23,6364.06,-6223.44,-24339.06
0:4:12.44,3701.56,-22435.94,-17607.81
0:4:12.66,-5998.44,-3445.31,2070.31
0:4:12.86,-1993.75,47139.06,26592.19
0:4:13.7,24068.75,1379.69,-27934.38
0:4:13.26,3464.06,-24187.5,-21335.94
0:4:13.47,8762.5,-12703.12,36775.0
0:4:13.67,-27851.56,-18501.56,27662.5
0:4:13.88,-19148.44,-2301.56,-20918.75
0:4:14.9,25185.94,-14090.62,6407.81
0:4:14.29,-21031.25,30771.88,37307.81
0:4:14.50,7040.62,9056.251,54646.88
0:4:14.71,-19609.38,2871.88,-64209.38
0:4:14.92,20520.31,-11157.81,42179.69
0:4:15.13,-14215.62,-28687.5,32790.62
0:4:15.35,-17581.25,-31081.25,11154.69
0:4:15.61,23957.81,-4728.12,28284.38
0:4:15.82,-473.44,33843.75,40620.31
0:4:16.2,15082.81,24301.56,-24292.19
0:4:16.22,16271.88,-24218.75,-31117.19
0:4:16.43,8279.691,30290.62,43531.25
0:4:16.65,20164.06,-4987.5,-53548.44
0:4:16.86,-27128.12,-1300.0,-35490.62
0:4:17.7,33481.25,-8454.691,29928.12
0:4:17.27,-9570.31,42457.81,37684.38
0:4:17.48,29953.12,-7992.19,-25067.19
0:4:17.69,11693.75,-9753.119,-13846.88
0:4:17.91,-13170.31,5926.56,18682.81
0:4:18.12,-2123.44,5715.62,3548.44
0:4:18.33,11182.81,-10915.62,184.38
0:4:18.54,-29412.5,-43712.5,21234.38
0:4:18.75,7889.06,31695.31,14826.56
0:4:19.2,-8014.06,-11923.44,1954.69
0:4:19.22,15050.0,-8106.25,-22131.25
0:4:19.44,-11957.81,38145.31,35818.75
0:4:19.65,5918.75,-4545.31,-24959.38
0:4:19.86,-13156.25,2245.31,-63581.25
0:4:20.7,182.81,-24910.94,45942.19
0:4:20.27,-8171.88,-22082.81,25528.12
0:4:20.49,-24478.12,-1510.94,-14171.88
0:4:20.71,26246.88,-8556.251,14073.44
0:4:20.92,-22617.19,37540.62,33781.25
0:4:21.13,44004.69,5800.0,-26453.12
0:4:21.34,-5612.5,-13473.44,-60842.19
0:4:21.56,8628.119,1700.0,51429.69
0:4:21.78,21946.88,-5043.75,-22067.19
0:4:22.0,-13190.62,8337.501,-44287.5
0:4:22.21,27498.44,-9984.38,32125.0
0:4:22.47,-22809.38,-14998.44,18807.81
0:4:22.68,-43014.06,-9085.94,-12418.75
0:4:22.91,25814.06,-2829.69,2823.44
0:4:23.12,-12709.38,44606.25,26703.12
0:4:23.33,18556.25,-16637.5,-21140.62
0:4:23.55,6225.0,-17604.69,-29162.5
0:4:23.76,1389.06,11226.56,45045.31
0:4:23.97,26829.69,5556.25,-42423.44
0:4:24.19,-17706.25,10378.12,-37853.12
0:4:24.41,27025.0,-12789.06,29690.62
0:4:24.62,-1803.12,8664.06,45921.88
0:4:24.84,-31812.5,-8253.119,-2050.0
0:4:25.6,7260.94,-25964.06,-4309.38
0:4:25.28,-17507.81,26771.88,42312.5
0:4:25.50,-2098.44,-11596.88,68470.31
0:4:25.72,-5168.75,-17803.12,-51834.38
0:4:25.99,-14029.69,16673.44,64848.44
0:4:26.21,-2520.31,-1448.44,60781.25
0:4:26.44,-10375.0,-1670.31,-48279.69
0:4:26.66,2628.12,-3326.56,40126.56
0:4:26.87,20084.38,-7081.25,-504.69
0:4:27.9,-26018.75,-3821.88,-31445.31
0:4:27.30,23025.0,-3895.31,7020.31
0:4:27.52,11837.5,45893.75,22248.44
0:4:27.75,-909.38,39007.81,-24739.06
0:4:27.98,47279.69,-11104.69,-16742.19
0:4:28.20,-35029.69,-310.94,1725.0
0:4:28.42,10521.88,10951.56,-2298.44
0:4:28.65,629.69,-5485.94,-6803.12
0:4:28.87,-13570.31,-12295.31,-631.25
0:4:29.10,-2265.62,19651.56,-5557.81
0:4:29.33,4879.69,-23193.75,8164.061
0:4:29.59,-3207.81,4612.5,-5237.5
0:4:29.81,-37378.12,-20506.25,31898.44
0:4:30.3,16431.25,-14831.25,-39065.62
0:4:30.25,-12567.19,-13843.75,31532.81
0:4:30.46,15242.19,-4625.0,18885.94
0:4:30.69,-16790.62,926.56,-9515.62
0:4:30.92,117.19,-4526.56,-5628.12
0:4:31.14,3576.56,37693.75,-49521.88
0:4:31.36,-17478.12,-5898.44,-3906.25
0:4:31.58,15157.81,3406.25,-16529.69
0:4:31.80,-8487.5,11560.94,57354.69
0:4:32.3,656.25,-2537.5,64264.06
0:4:32.24,-15556.25,-8587.501,-43985.94
0:4:32.46,6756.25,-22918.75,39187.5
0:4:32.69,13956.25,-11826.56,10400.0
0:4:32.91,-28512.5,4704.69,-33518.75
0:4:33.19,12718.75,-6157.81,33737.5
0:4:33.42,27284.38,-28048.44,10093.75
0:4:33.65,-35901.56,-3353.12,-32635.94
0:4:33.91,13503.12,-10396.88,30112.5
0:4:34.11,-13210.94,1739.06,29379.69
0:4:34.31,-34209.38,-9887.5,-4978.12
0:4:34.52,35246.88,-6507.81,-1498.44
0:4:34.73,-18343.75,28109.38,36748.44
0:4:34.94,-6892.19,-6428.12,60856.25
0:4:35.15,79.69,7568.75,-55839.06
0:4:35.35,806.25,-19393.75,40496.88
0:4:35.56,-33464.06,537.5,22342.19
0:4:35.77,-24834.38,1337.5,-19290.62
0:4:35.97,26306.25,-15732.81,2087.5
0:4:36.18,-19606.25,34359.38,21468.75
0:4:36.39,-10632.81,-11021.88,58329.69
0:4:36.64,17507.81,-9295.31,-21507.81
0:4:36.84,5356.25,276.56,25734.38
0:4:37.5,32398.44,485.94,-10525.0
0:4:37.24,-37565.62,3412.5,-38846.88
0:4:37.45,32370.31,-17048.44,23675.0
0:4:37.67,-10306.25,12293.75,-56817.19
0:4:37.88,-3995.31,-2492.19,-6203.12
0:4:38.9,6242.19,-8581.25,-27456.25
0:4:38.29,12865.62,7250.0,34815.62
0:4:38.50,28660.94,-7350.0,-15879.69
0:4:38.70,-26357.81,7159.379,-36057.81
0:4:38.92,18531.25,-7959.38,23459.38
0:4:39.13,-1312.5,21632.81,-59337.5
0:4:39.33,22226.56,16406.25,-37176.56
0:4:39.54,13042.19,-19032.81,-23853.12
0:4:39.75,5185.94,15148.44,39839.06
0:4:40.2,9857.81,-2551.56,-38898.44
0:4:40.22,-12275.0,-12910.94,-45868.75
0:4:40.43,13625.0,2000.0,45689.06
0:4:40.64,2296.88,-13601.56,8745.31
0:4:40.85,-42114.06,-7810.94,-1556.25
0:4:41.6,14782.81,-10959.38,-13378.12
0:4:41.26,-20035.94,37039.06,42696.88
0:4:41.48,22632.81,-10676.56,-25590.62
0:4:41.70,18951.56,-3107.81,-47025.0
0:4:41.91,25959.38,2175.0,36804.69
0:4:42.12,46351.56,-5601.56,-225.0
0:4:42.33,-29764.06,6160.94,-55410.94
0:4:42.54,26896.88,-6912.5,32692.19
0:4:42.75,-29534.38,-5695.31,-63501.56
0:4:42.97,-57239.06,-27014.06,-3890.62
0:4:43.18,38982.81,-11451.56,-16389.06
0:4:43.44,353.12,5646.88,-61096.88
0:4:43.66,-13521.88,-14300.0,-17029.69
0:4:43.87,31384.38,-9807.81,-1256.25
0:4:44.8,-9534.38,17817.19,68623.44
0:4:44.28,-59.38,9029.691,54525.0
0:4:44.50,-18628.12,-13418.75,-40550.0
0:4:44.72,6854.69,13993.75,40181.25
0:4:44.93,45895.31,-16846.88,-13210.94
0:4:45.14,-30226.56,503.12,-32584.38
0:4:45.36,26070.31,-10925.0,21320.31
0:4:45.57,-17345.31,454.69,31945.31
0:4:45.79,-42973.44,-9645.309,-7218.75
0:4:46.2,26593.75,-7395.31,-3403.12
0:4:46.22,-14932.81,38203.12,22612.5
0:4:46.43,11428.12,-11073.44,-31362.5
0:4:46.64,-14653.12,-12632.81,-49131.25
0:4:46.91,-12706.25,22637.5,58293.75
0:4:47.13,8837.501,7078.12,56492.19
0:4:47.34,-18129.69,-10737.5,-42437.5
0:4:47.56,15951.56,9814.059,42807.81
0:4:47.77,32770.31,-22056.25,-26060.94
0:4:47.99,-24951.56,8431.251,-38800.0
0:4:48.21,30964.06,-3807.81,41600.0
0:4:48.42,-9714.06,7414.06,29093.75
0:4:48.65,-45804.69,9957.809,-15014.06
0:4:48.87,26000.0,-25828.12,6345.31
0:4:49.9,-26176.56,36496.88,39120.31
0:4:49.30,25500.0,-31835.94,-21175.0
0:4:49.52,21884.38,-16182.81,-16575.0
0:4:49.74,-7656.25,17835.94,59425.0
0:4:49.96,-8514.06,-12209.38,67092.19
0:4:50.18,-17293.75,-14392.19,-40518.75
0:4:50.45,-11595.31,29920.31,51056.25
0:4:50.67,-8042.19,-12379.69,-26125.0
0:4:50.89,-17078.12,-13085.94,-49870.31
0:4:51.11,-7860.94,2893.75,52168.75
0:4:51.34,38612.5,-8926.559,-34953.12
0:4:51.56,-29585.94,13904.69,-46943.75
0:4:51.79,6921.88,-4867.19,41553.12
0:4:52.1,14646.88,-7225.0,18725.0
0:4:52.23,-42898.44,13123.44,-19598.44
0:4:52.45,37315.62,-19996.88,-3975.0
0:4:52.67,-3056.25,24542.19,46200.0
0:4:52.90,-34550.0,-3737.5,-8581.25
0:4:53.13,32770.31,-3068.75,-33060.94
0:4:53.35,-27492.19,-3095.31,-40326.56
0:4:53.57,3823.44,-22029.69,-11717.19
0:4:53.79,45456.25,4796.88,-42306.25
0:4:54.7,-12559.38,17651.56,-68684.38
0:4:54.29,4078.12,2039.06,-31096.88
0:4:54.51,40548.44,-13028.12,-6484.38
0:4:54.73,-23848.44,27381.25,42953.12
0:4:54.95,6585.94,-16145.31,-25860.94
0:4:55.17,12173.44,5453.12,-55365.62
0:4:55.39,20365.62,-1729.69,45714.06
0:4:55.61,37273.44,-21653.12,-41845.31
0:4:55.83,-27479.69,-12510.94,-33487.5
0:4:56.6,3354.69,-40.62,55020.31
0:4:56.27,52384.38,-23629.69,-40264.06
0:4:56.50,-40550.0,14676.56,-40282.81
0:4:56.72,4287.5,-14845.31,49731.25
0:4:56.95,-3173.44,-13228.12,16826.56
0:4:57.18,-20195.31,8701.56,-48318.75
0:4:57.40,30906.25,-18120.31,40182.81
0:4:57.68,24150.0,-29042.19,-22267.19
0:4:57.94,-18562.5,198.44,-54112.5
0:4:58.16,4773.44,-8267.191,47989.06
0:4:58.37,24129.69,-18267.19,10350.0
0:4:58.58,-20448.44,7942.19,-37785.94
0:4:58.79,26757.81,-11429.69,24931.25
0:4:58.99,9979.691,45901.56,-49957.81
0:4:59.20,31273.44,-7748.44,-25457.81
0:4:59.41,31589.06,7600.0,-32943.75
0:4:59.61,-14181.25,6012.5,42929.69
0:4:59.81,29003.12,-13187.5,-24904.69
0:5:0.2,-37843.75,-2728.12,-22576.56
0:5:0.21,20789.06,-15776.56,14267.19
0:5:0.41,-16160.94,43225.0,40517.19
0:5:0.61,14239.06,-3909.38,-22634.38
0:5:0.81,-6731.25,-1365.62,-67170.31
0:5:1.7,-27414.06,16721.88,41868.75
0:5:1.26,26887.5,-1185.94,-38773.44
0:5:1.47,-21768.75,6965.62,-41690.62
0:5:1.67,34820.31,-15271.88,37139.06
0:5:1.87,-10710.94,37814.06,34625.0
0:5:2.6,17151.56,-859.38,-25953.12
0:5:2.25,-5807.81,-6635.94,-63037.5
0:5:2.45,7739.06,-2762.5,40298.44
0:5:2.64,-2125.0,-23925.0,-62746.88
0:5:2.85,-45728.12,-10060.94,1992.19
0:5:3.5,28812.5,-29126.56,8010.94
0:5:3.24,-19471.88,29278.12,49918.75
0:5:3.44,9050.0,-14865.62,-45464.06
0:5:3.64,-16204.69,1175.0,-41423.44
0:5:3.84,23598.44,-9173.441,10660.94
0:5:4.5,-8565.619,23210.94,24487.5
0:5:4.29,-12765.62,7153.12,-7039.06
0:5:4.49,5187.5,-11353.12,18275.0
0:5:4.69,-21095.31,42548.44,27912.5
0:5:4.89,14200.0,-13490.62,-36876.56
0:5:5.10,-13709.38,-18620.31,-33310.94
0:5:5.30,-2796.88,2196.88,29360.94
0:5:5.50,-3215.62,11606.25,5670.31
0:5:5.70,-10448.44,-9467.191,16615.62
0:5:5.90,25257.81,-17242.19,-13142.19
0:5:6.11,-38712.5,35181.25,34998.44
0:5:6.31,9125.0,-10700.0,-37035.94
0:5:6.51,-24456.25,-22751.56,-39371.88
0:5:6.72,26870.31,257.81,24248.44
0:5:6.92,-42823.44,20676.56,19314.06
0:5:7.13,-23934.38,16418.75,-21185.94
0:5:7.33,27351.56,1153.12,14340.62
0:5:7.59,-15675.0,46973.44,12937.5
0:5:7.79,-12014.06,-23114.06,-8867.19
0:5:7.99,29923.44,-32870.31,-5307.81
0:5:8.19,2368.75,-3484.38,10909.38
0:5:8.39,34179.69,2375.0,-17959.38
0:5:8.61,-6990.62,-7801.56,-22218.75
0:5:8.81,13660.94,2370.31,6195.31
0:5:9.1,-19339.06,56995.31,32968.75
0:5:9.20,7026.56,-7242.19,-23729.69
0:5:9.41,-2796.88,-996.88,-54415.62
0:5:9.61,2289.06,-18321.88,38006.25
0:5:9.81,12910.94,23667.19,-4003.12
0:5:10.3,-6020.31,-8276.56,-28868.75
0:5:10.24,34835.94,4989.06,4009.38
0:5:10.45,-23301.56,49037.5,37625.0
0:5:10.67,31284.38,434.38,-36196.88
0:5:10.93,18395.31,-6254.69,-16001.56
0:5:11.15,-24854.69,35150.0,38223.44
0:5:11.37,23662.5,-21531.25,-26112.5
0:5:11.59,-21531.25,-17790.62,-47254.69
0:5:11.81,-9379.691,20545.31,34978.12
0:5:12.3,18309.38,-18228.12,-51762.5
0:5:12.24,-13796.88,-8918.75,-36959.38
0:5:12.46,7292.19,-14539.06,37079.69
0:5:12.67,-15010.94,-17360.94,39578.12
0:5:12.90,-46614.06,-5700.0,523.44
0:5:13.12,39868.75,-5084.38,3764.06
0:5:13.34,-12918.75,44500.0,29842.19
0:5:13.56,33462.5,18564.06,-36467.19
0:5:13.78,14550.0,-19200.0,-45329.69
0:5:14.0,-12256.25,23203.12,31759.38
0:5:14.22,21320.31,-16998.44,-42678.12
0:5:14.49,15540.62,-1450.0,-41010.94
0:5:14.72,-22107.81,29614.06,26279.69
0:5:14.94,11342.19,-5928.12,-45950.0
0:5:15.16,-4848.44,-14559.38,-53078.12
0:5:15.38,800.0,7485.94,38434.38
0:5:15.60,30976.56,-4404.69,-23748.44
0:5:15.84,-38767.19,-17959.38,-47003.12
0:5:16.5,8648.44,3200.0,39454.69
0:5:16.27,-14496.88,10304.69,-5626.56
0:5:16.49,-31017.19,-17673.44,1226.56
0:5:16.71,32254.69,7818.75,5575.0
0:5:16.94,14934.38,17070.31,-58492.19
0:5:17.16,-9795.31,4345.31,-2921.88
0:5:17.38,30118.75,-15509.38,-19226.56
0:5:17.60,-26006.25,30531.25,45376.56
0:5:17.82,-3042.19,2820.31,-46975.0
0:5:18.9,23715.62,-15126.56,-24259.38
0:5:18.30,-17904.69,32514.06,40506.25
0:5:18.52,6618.75,-9490.62,47873.44
0:5:18.76,4006.25,-12968.75,-39920.31
0:5:18.98,-4545.31,11671.88,35960.94
0:5:19.20,22107.81,-16709.38,-20950.0
0:5:19.42,-29243.75,-184.38,-28932.81
0:5:19.64,22846.88,-13514.06,39445.31
0:5:19.87,2360.94,32973.44,11162.5
0:5:20.10,-18501.56,9623.441,-19234.38
0:5:20.32,38096.88,-3318.75,12432.81
0:5:20.55,1637.5,21782.81,40434.38
0:5:20.77,-16295.31,-8654.691,16689.06
0:5:21.0,16073.44,-8156.25,-22289.06
0:5:21.21,-15393.75,31087.5,36389.06
0:5:21.44,168.75,8981.25,59487.5
0:5:21.76,34553.12,-11053.12,11834.38
0:5:21.96,-24706.25,41128.12,21387.5
0:5:22.16,-3570.31,-9634.379,58935.94
0:5:22.37,-43304.69,-25664.06,-51582.81
0:5:22.57,13131.25,-20932.81,55525.0
0:5:22.78,5809.38,-13846.88,17067.19
0:5:22.99,-26557.81,-2614.06,9229.691
0:5:23.20,28870.31,-19421.88,-4787.5
0:5:23.41,-30160.94,37609.38,38910.94
0:5:23.62,14920.31,-25576.56,63593.75
0:5:23.83,-34956.25,896.88,-59834.38
0:5:24.3,29654.69,-3848.44,44006.25
0:5:24.24,14429.69,31889.06,25001.56
0:5:24.44,-14562.5,-13887.5,-6485.94
0:5:24.65,23782.81,-1840.62,14948.44
0:5:24.85,-17904.69,-1314.06,-5318.75
0:5:25.11,485.94,3346.88,-967.19
0:5:25.32,5698.44,-303.12,4954.69
0:5:25.53,-9340.62,-12178.12,-5375.0
0:5:25.73,7042.19,20210.94,103.12
0:5:25.94,8810.941,-2982.81,-478.12
0:5:26.15,-410.94,9490.62,7912.5
0:5:26.35,-3125.0,-7451.56,-10851.56
0:5:26.56,545.31,1778.12,8057.811
0:5:26.77,2004.69,3220.31,1279.69
0:5:26.98,581.25,-11245.31,106.25
0:5:27.19,-10185.94,1017.19,31820.31
0:5:27.40,35481.25,-4571.88,-39259.38
0:5:27.61,19764.06,-9382.81,10706.25
0:5:27.82,-8421.88,34396.88,46482.81
0:5:28.3,38359.38,9337.501,-18310.94
0:5:28.23,7923.44,-16437.5,-47550.0
0:5:28.49,-21354.69,32748.44,33532.81
0:5:28.71,22081.25,-15535.94,-47812.5
0:5:28.92,-29995.31,412.5,-40293.75
0:5:29.12,25914.06,-17062.5,21603.12
0:5:29.33,6139.06,50956.25,-56989.06
0:5:29.55,5089.06,6029.69,-26351.56
0:5:29.76,-18789.06,4921.88,-46575.0
0:5:29.97,7726.56,-39335.94,33539.06
0:5:30.18,14265.62,48654.69,23637.5
0:5:30.39,-9540.62,17531.25,-51782.81
0:5:30.60,-12501.56,6960.94,14151.56
0:5:30.81,-4217.19,-14454.69,16042.19
0:5:31.3,3667.19,-10048.44,11951.56
0:5:31.24,-9114.059,7012.5,-44739.06
0:5:31.45,7670.31,-45379.69,8353.12
0:5:31.66,-13042.19,9075.0,-7218.75
0:5:31.94,1940.62,-10806.25,5529.69
0:5:32.15,16460.94,18651.56,-22156.25
0:5:32.37,-46201.56,-44770.31,-26465.62
0:5:32.58,-21957.81,-39990.62,9264.06
0:5:32.79,45243.75,-28259.38,15587.5
0:5:33.0,1495.31,39242.19,-7023.44
0:5:33.20,4317.19,7896.88,6823.44
0:5:33.42,14857.81,-1048.44,16693.75
0:5:33.63,8543.75,-12301.56,19206.25
0:5:33.85,14396.88,-11581.25,7314.06
0:5:34.7,-14259.38,-6746.88,-18481.25
0:5:34.28,2507.81,1454.69,9201.56
0:5:34.49,-4060.94,12721.88,20265.62
0:5:34.71,-9884.379,10770.31,-1176.56
0:5:34.93,-30693.75,-27231.25,-1301.56
0:5:35.15,21928.12,13368.75,9300.0
0:5:35.42,-4646.88,28368.75,-731.25
0:5:35.63,3668.75,-45253.12,6065.62
0:5:35.85,-4628.12,-36576.56,2400.0
0:5:36.7,-2425.0,-10403.12,-9379.691
0:5:36.28,5820.31,470.31,10589.06
0:5:36.50,7267.19,54443.75,24610.94
0:5:36.72,-223.44,31573.44,2796.88
