0:2:1.13,-78.9375,10.01562,-215.7031
0:2:1.27,-27.125,-25.79688,5.28125
0:2:1.40,85.64063,-30.28125,237.3906
0:2:1.54,57.5,-30.9375,211.2969
0:2:1.67,139.0156,23.375,213.7031
0:2:1.80,38.35938,-39.48438,-43.96875
0:2:1.94,-5.984375,7.9375,-76.46875
0:2:2.7,-81.54688,-3.390625,-268.2031
0:2:2.21,-15.25,6.859375,-175.75
0:2:2.34,8.25,16.10938,47.48437
0:2:2.48,58.28125,-25.0,261.0156
0:2:2.62,53.23438,-0.75,197.875
0:2:2.75,40.10938,-15.40625,139.625
0:2:2.88,-3.203125,-56.04688,-63.96875
0:2:3.2,-90.25001,-12.23438,-193.6562
0:2:3.15,-117.9375,2.59375,-235.3906
0:2:3.34,-13.5,30.8125,-51.21875
0:2:3.48,19.03125,-43.40625,183.3281
0:2:3.62,120.8906,-23.625,179.9219
0:2:3.75,96.34376,2.609375,184.875
0:2:3.89,35.03125,-13.29687,-24.5
0:2:4.3,-109.3281,22.65625,-135.7344
0:2:4.16,-72.96875,2.484375,-255.4844
0:2:4.31,-42.73438,9.171875,-134.7969
0:2:4.45,56.03125,27.98438,74.8125
0:2:4.59,2.0625,-37.01563,183.6563
0:2:4.74,47.89063,-36.5,199.7344
0:2:4.87,98.60938,8.03125,92.92188
0:2:5.2,-42.89063,3.75,-111.6094
0:2:5.15,-52.71875,-10.59375,-219.875
0:2:5.29,-82.65625,2.09375,-206.7188
0:2:5.43,4.953125,32.59375,-29.82813
0:2:5.61,4.0,-17.42188,212.9062
0:2:5.75,80.79688,2.3125,212.3906
0:2:5.89,56.71875,-4.28125,141.9844
0:2:6.3,13.03125,-15.48438,-105.9062
0:2:6.16,-99.32813,-42.64062,-165.3438
0:2:6.29,-85.26563,-9.421875,-254.5156
0:2:6.44,-17.34375,19.375,-93.8125
0:2:6.58,24.85938,-1.640625,118.0469
0:2:6.72,62.375,-3.375,198.6406
0:2:6.86,71.60938,-7.296875,189.5156
0:2:7.0,53.51563,-3.34375,84.875
0:2:7.13,-24.14063,15.54688,-138.6406
0:2:7.27,-87.95313,-25.09375,-205.25
0:2:7.42,-43.70313,12.67187,-182.5781
0:2:7.57,15.75,15.51563,35.32813
0:2:7.71,13.17188,-31.60938,180.75
0:2:7.90,31.07813,-23.25,197.2812
0:2:8.4,95.76563,4.234375,83.85938
0:2:8.17,-43.89062,-0.234375,-134.3281
0:2:8.31,-41.09375,-18.42188,-222.9375
0:2:8.46,-61.875,-16.71875,-157.8594
0:2:8.60,33.79688,28.25,28.625
0:2:8.74,12.92188,-25.28125,162.5937
0:2:8.89,55.09375,-17.0,171.7031
0:2:9.4,74.57813,0.5625,145.7656
0:2:9.17,30.92188,-9.9375,-67.03125
0:2:9.31,-38.96875,-2.640625,-176.1406
0:2:9.45,-64.04687,-16.76563,-225.625
0:2:9.62,-11.76563,15.53125,-38.40625
0:2:9.76,46.6875,-2.75,136.7031
0:2:9.91,60.5625,-5.953125,153.1875
0:2:10.5,27.5,-25.40625,170.7656
0:2:10.24,1.125,-8.0625,-67.39063
0:2:10.40,-60.17188,-19.35938,-176.4375
0:2:10.55,-53.34375,-7.203125,-173.5938
0:2:10.71,15.8125,11.26562,-11.92188
0:2:10.87,17.84375,-18.15625,154.9219
0:2:11.2,47.375,-17.375,145.5312
0:2:11.16,32.6875,-24.28125,128.7812
0:2:11.31,24.4375,-11.96875,-75.6875
0:2:11.47,-37.9375,-12.07813,-188.9062
0:2:11.62,-57.71875,-9.234375,-151.7188
0:2:11.78,13.98438,13.0,9.765625
0:2:11.94,41.4375,-8.015625,145.5
0:2:12.9,2.9375,-28.76563,151.9531
0:2:12.24,-11.64063,-21.625,106.5313
0:2:12.39,8.703125,10.10938,-92.01563
0:2:12.55,-45.26563,2.109375,-195.9687
0:2:12.75,-37.1875,-0.046875,-103.5
0:2:12.92,59.75,1.890625,127.4531
0:2:13.8,75.65625,1.296875,157.7031
0:2:13.22,39.70313,-8.96875,173.3437
0:2:13.38,43.6875,7.984375,-7.28125
0:2:13.53,-48.96875,0.0,-149.4844
0:2:13.69,-65.6875,11.92188,-208.0625
0:2:13.86,-12.32813,20.6875,-66.90625
0:2:14.2,22.28125,-26.54688,139.3906
0:2:14.17,42.54688,-28.71875,154.3437
0:2:14.33,39.53125,-36.39063,143.9531
0:2:14.50,-0.953125,-7.015625,-56.09375
0:2:14.65,-56.0625,-1.875,-184.8125
0:2:14.81,-44.67187,10.26563,-176.4219
0:2:14.98,6.71875,1.640625,23.4375
0:2:15.14,20.96875,-26.0,151.3125
0:2:15.35,30.70313,-26.59375,175.0937
0:2:15.51,95.35937,25.78125,35.64063
0:2:15.68,-36.25,20.21875,-175.7344
0:2:15.84,-58.21875,-4.5625,-212.6719
0:2:16.0,-13.10938,10.07813,-52.4375
0:2:16.20,31.92188,-16.60938,168.8437
0:2:16.34,37.39063,-19.29688,170.5625
0:2:16.49,39.39063,-40.59375,158.1094
0:2:16.63,-10.375,-10.375,-99.26562
0:2:16.78,-37.14062,21.70313,-200.5
0:2:16.92,-47.48437,15.32813,-215.4687
0:2:17.6,-8.765625,22.39063,-54.65625
0:2:17.21,8.0,-45.26563,140.9375
0:2:17.35,71.5,-21.98437,169.375
0:2:17.49,48.15625,-32.53125,176.6406
0:2:17.63,72.53125,12.84375,19.29688
0:2:17.82,-72.34375,6.671875,-169.8906
0:2:17.96,-43.46875,21.51562,-235.3906
0:2:18.11,-6.9375,12.53125,-58.20313
0:2:18.26,44.28125,-9.515625,154.7344
0:2:18.40,31.0625,-29.20313,162.3437
0:2:18.54,19.4375,-48.25,174.7813
0:2:18.68,43.89062,1.390625,0.078125
0:2:18.82,-26.73438,34.42188,-157.5781
0:2:18.97,-50.78125,18.32813,-235.2187
0:2:19.12,-24.9375,17.57813,-95.04687
0:2:19.27,25.28125,-9.78125,115.5312
0:2:19.41,59.375,-9.34375,164.6719
0:2:19.56,8.125,-37.42188,175.9687
0:2:19.70,41.1875,0.5,51.51563
0:2:19.85,-12.51562,32.29687,-133.5781
0:2:19.99,-56.95313,0.28125,-222.0625
0:2:20.19,-31.78125,14.89063,-73.71875
0:2:20.33,13.20313,-17.0,116.625
0:2:20.48,23.48438,-44.5625,142.9531
0:2:20.62,42.70313,-31.53125,147.4062
0:2:20.77,41.75,-11.70313,62.75
0:2:20.92,-21.57813,36.89063,-135.4062
0:2:21.7,-43.35938,24.40625,-184.4531
0:2:21.21,-18.54688,23.65625,-122.3281
0:2:21.36,11.90625,-2.15625,69.82812
0:2:21.51,23.29688,-33.78125,155.0
0:2:21.66,-21.4375,-63.0625,146.5312
0:2:21.81,79.28125,8.84375,86.46875
0:2:21.96,-35.89062,18.1875,-126.875
0:2:22.11,-59.375,-3.296875,-183.9531
0:2:22.25,-27.04688,26.6875,-148.6562
0:2:22.40,49.17188,36.53125,24.875
0:2:22.59,43.0,-25.5,203.375
0:2:22.74,38.375,-21.3125,166.0156
0:2:22.89,63.89062,6.46875,32.78125
0:2:23.4,-37.71875,13.84375,-157.5156
0:2:23.19,-67.5,-0.484375,-200.7344
0:2:23.34,-40.375,12.10938,-124.1719
0:2:23.48,15.78125,8.546875,71.78125
0:2:23.64,11.67188,-51.375,172.0625
0:2:23.79,7.53125,-49.75,141.625
0:2:23.93,114.5625,16.26563,92.01563
0:2:24.9,-66.96875,24.875,-146.7656
0:2:24.24,-58.65625,10.65625,-196.6875
0:2:24.39,-41.04688,19.89063,-127.1094
0:2:24.55,13.76562,10.79687,75.10938
0:2:24.72,74.34375,-29.5625,167.7031
0:2:24.86,33.67188,-41.53125,163.5937
0:2:25.6,43.78125,8.703125,-42.48437
0:2:25.21,-41.3125,48.125,-200.9219
0:2:25.36,-72.92188,4.25,-160.3594
0:2:25.52,-12.07813,13.0625,-19.60938
0:2:25.67,63.4375,-24.75,141.7812
0:2:25.83,58.59375,-19.14063,131.7656
0:2:25.99,52.40625,-12.5,109.75
0:2:26.14,49.0625,10.54688,-22.17188
0:2:26.30,-65.21875,13.75,-155.1094
0:2:26.46,-56.3125,12.48438,-170.8125
0:2:26.61,-11.10937,11.5625,-12.73438
0:2:26.76,39.57813,-29.53125,133.4375
0:2:26.91,48.34375,-25.04688,137.1094
0:2:27.7,44.125,-27.14062,126.7969
0:2:27.21,45.95313,10.625,-41.5
0:2:27.37,-53.125,13.70313,-155.0937
0:2:27.57,-50.32813,8.34375,-119.4375
0:2:27.72,8.984375,3.984375,29.8125
0:2:27.87,18.25,-32.46875,122.7813
0:2:28.2,27.48438,-31.32813,115.2344
0:2:28.17,55.57813,-1.0,107.5469
0:2:28.33,-20.71875,-15.01563,-86.46875
0:2:28.48,-60.40625,-8.109375,-147.8437
0:2:28.64,-49.21875,5.875,-115.2969
0:2:28.80,27.71875,16.09375,31.28125
0:2:28.95,8.75,-29.54688,105.3594
0:2:29.11,26.60938,-26.82812,109.1406
0:2:29.26,46.20313,-6.8125,104.1875
0:2:29.43,-27.625,26.76563,-104.9844
0:2:29.59,-58.46875,10.57813,-156.2812
0:2:29.75,-27.9375,23.73438,-101.6719
0:2:29.91,29.39063,13.8125,55.53125
0:2:30.11,10.03125,-41.39062,106.2656
0:2:30.26,34.25,-16.01563,111.4844
0:2:30.42,65.84375,6.359375,23.14063
0:2:30.59,-62.875,-6.890625,-136.1719
0:2:30.74,-56.625,-0.546875,-166.9844
0:2:30.90,8.390625,15.98438,-15.14063
0:2:31.6,-2.6875,-35.89062,103.8437
0:2:31.21,71.73438,-1.78125,118.4219
0:2:31.36,-31.79688,-63.07813,132.4375
0:2:31.53,49.3125,6.125,-46.65625
0:2:31.69,-48.46875,-10.0,-156.2031
0:2:31.85,-54.3125,-3.140625,-146.8594
0:2:32.1,21.75,22.4375,3.078125
0:2:32.16,0.109375,-31.40625,147.7812
0:2:32.32,19.25,-30.78125,120.1875
0:2:32.48,100.625,19.67188,116.1562
0:2:32.69,-38.71875,28.98438,-146.0938
0:2:32.85,-81.625,2.25,-178.0937
0:2:33.1,-6.265625,37.64063,-69.70313
0:2:33.16,21.40625,-19.57813,95.73438
0:2:33.35,38.78125,-34.20313,127.6719
0:2:33.49,55.71875,-13.59375,137.4062
0:2:33.63,9.796875,-9.921875,-52.46875
0:2:33.78,-60.03125,-11.25,-134.6406
0:2:33.92,-53.42187,8.625,-182.4687
0:2:34.6,-5.265625,19.4375,-67.98438
0:2:34.19,15.875,-31.78125,96.375
0:2:34.33,93.15625,2.859375,131.6406
0:2:34.48,56.53125,-8.5,157.8281
0:2:34.62,98.26563,20.07813,83.90625
0:2:34.77,-58.4375,2.890625,-124.1719
0:2:34.92,-76.28125,-14.48438,-215.875
0:2:35.10,-19.95313,6.03125,-73.09375
0:2:35.24,54.4375,15.75,107.7969
0:2:35.39,21.70313,-23.04688,147.6563
0:2:35.53,79.6875,22.65625,168.2812
0:2:35.68,59.51562,1.171875,60.98438
0:2:35.83,-42.64062,12.9375,-124.4219
0:2:35.97,-95.53125,-23.20313,-206.0625
0:2:36.11,-64.34375,-3.734375,-127.1719
0:2:36.26,37.64063,19.40625,42.26563
0:2:36.40,24.21875,-20.85938,121.1719
0:2:36.54,63.46875,4.6875,161.9531
0:2:36.70,49.0,4.5625,124.1562
0:2:36.85,-24.42188,-17.15625,-106.1562
0:2:37.0,-59.125,-25.375,-157.0469
0:2:37.13,-56.5,-2.296875,-144.0312
0:2:37.28,14.59375,28.78125,-10.4375
0:2:37.47,2.96875,-27.79688,138.0937
0:2:37.62,19.45313,-19.82813,120.2187
0:2:37.78,51.53125,-0.9375,92.46875
0:2:37.93,-27.35938,-11.85938,-98.95312
0:2:38.8,-63.28125,-10.5625,-142.4844
0:2:38.22,-53.09375,7.359375,-148.3281
0:2:38.36,27.79688,30.25,-9.546875
0:2:38.52,31.92188,-12.96875,107.4531
0:2:38.67,39.45313,-17.82813,134.1406
0:2:38.82,36.57813,-27.73438,169.1094
0:2:38.96,36.48438,1.609375,-29.79688
0:2:39.11,-66.42188,-2.203125,-147.7188
0:2:39.26,-67.9375,2.515625,-201.0156
0:2:39.41,-15.5625,19.46875,-75.03125
0:2:39.56,47.5,5.890625,117.2969
0:2:39.71,23.96875,-30.10937,137.7656
0:2:39.91,86.0,-2.78125,114.2344
0:2:40.5,19.875,-10.70313,-47.59375
0:2:40.19,-66.89063,3.390625,-146.2187
0:2:40.34,-58.51563,9.15625,-174.3906
0:2:40.49,-8.109375,24.51563,-64.28125
0:2:40.64,40.1875,-6.203125,107.4062
0:2:40.80,66.15625,-9.390625,113.3125
0:2:40.96,17.09375,-36.76563,143.8594
0:2:41.11,72.20313,11.67188,22.14062
0:2:41.25,-28.35938,34.73438,-161.0156
0:2:41.40,-59.04687,7.28125,-172.0313
0:2:41.55,-19.3125,13.875,-64.92188
0:2:41.71,39.46875,-7.125,117.5781
0:2:41.86,84.10937,8.546875,112.5937
0:2:42.2,22.82813,-21.9375,146.1719
0:2:42.16,55.65625,14.09375,18.9375
0:2:42.36,-59.23438,-3.53125,-150.0
0:2:42.51,-55.07813,4.765625,-177.0937
0:2:42.67,7.1875,18.03125,-1.890625
0:2:42.83,17.64063,-44.875,122.0312
0:2:42.98,53.65625,-18.5,129.4375
0:2:43.14,60.28125,-6.125,139.3281
0:2:43.29,7.6875,-3.1875,-68.75
0:2:43.44,-80.0625,-19.92188,-135.6406
0:2:43.59,-51.6875,-0.75,-181.8125
0:2:43.74,-1.59375,17.20313,-38.39063
0:2:43.91,48.46875,-12.96875,134.9844
0:2:44.6,36.9375,-23.96875,136.4219
0:2:44.21,52.79687,-18.29688,123.5625
0:2:44.36,39.51563,4.21875,-38.67188
0:2:44.52,-58.79688,-7.515625,-157.3437
0:2:44.67,-61.90625,-0.65625,-162.8438
0:2:44.88,38.75,26.32813,47.89063
0:2:45.3,39.67188,-2.640625,146.5
0:2:45.18,-4.734375,-36.25,139.1094
0:2:45.34,76.20313,8.0625,87.1875
0:2:45.49,-18.23438,1.421875,-104.2187
0:2:45.65,-49.85938,-7.71875,-178.2813
0:2:45.80,-40.40625,-5.546875,-117.2812
0:2:45.97,16.51563,-0.71875,39.98438
0:2:46.13,24.84375,-21.29688,153.6406
0:2:46.29,22.98438,-26.125,124.9687
0:2:46.44,70.5625,9.921875,70.35938
0:2:46.59,-50.15625,0.328125,-101.2812
0:2:46.75,-41.25,13.6875,-161.0469
0:2:46.91,-37.98438,6.109375,-94.67188
0:2:47.8,58.0,22.76562,60.89063
0:2:47.23,3.21875,-27.07813,99.85938
0:2:47.44,41.73438,-22.25,142.9688
0:2:47.60,59.46875,6.03125,-18.5625
0:2:47.76,-58.59375,-5.109375,-110.8906
0:2:47.92,-58.45313,2.59375,-136.7188
0:2:48.9,2.421875,21.85938,-33.60938
0:2:48.24,20.79688,-21.48438,80.26563
0:2:48.40,33.23437,-21.01563,113.5312
0:2:48.55,37.17188,-14.89063,132.6563
0:2:48.71,-7.078125,-25.92188,-64.0
0:2:48.87,-42.71875,-1.71875,-147.3594
0:2:49.3,-46.98438,8.875,-131.9531
0:2:49.19,17.39063,10.32812,16.40625
0:2:49.35,40.28125,-11.07813,116.25
0:2:49.51,31.03125,-12.23438,108.5938
0:2:49.67,38.0,-3.9375,111.4844
0:2:49.83,-27.70313,-5.203125,-96.32813
0:2:50.3,-69.79688,2.34375,-179.3906
0:2:50.18,-43.76563,5.546875,-84.35938
0:2:50.35,36.75,-2.421875,101.3906
0:2:50.54,40.45312,-19.9375,104.2656
0:2:50.69,52.4375,-12.40625,130.2812
0:2:50.83,53.14063,2.53125,-6.0
0:2:50.97,-36.46875,16.78125,-131.0938
0:2:51.11,-65.25,0.609375,-142.2187
0:2:51.25,-27.46875,12.48438,-72.51563
0:2:51.40,32.01563,7.0,52.71875
0:2:51.54,21.26563,-35.96875,110.1094
0:2:51.68,25.46875,-30.65625,95.73438
0:2:51.82,10.57813,-32.79688,97.14063
0:2:51.96,24.0,6.53125,-67.20313
0:2:52.11,-50.1875,9.84375,-125.9687
0:2:52.26,-35.73437,14.07813,-129.0313
0:2:52.44,25.26562,7.4375,36.07813
0:2:52.58,39.35938,-21.54688,105.4375
0:2:52.72,21.15625,-28.42188,95.01563
0:2:52.87,37.10938,-19.35938,107.2031
0:2:53.1,57.14063,10.875,-32.95313
0:2:53.15,-36.75,30.0625,-139.9219
0:2:53.30,-47.26563,13.3125,-141.4688
0:2:53.44,16.92188,20.10937,-10.89063
0:2:53.58,27.96875,-18.6875,102.7969
0:2:53.73,59.28125,-11.60938,99.71875
0:2:53.88,30.79688,-7.9375,112.25
0:2:54.2,65.35938,29.64063,24.67188
0:2:54.15,-48.40625,4.65625,-104.5313
0:2:54.30,-80.625,-28.9375,-152.5469
0:2:54.45,-42.82813,-2.0625,-102.6562
0:2:54.59,50.17188,22.34375,41.8125
0:2:54.78,62.76563,-3.515625,143.7812
0:2:54.93,46.89063,0.90625,157.6719
0:2:55.7,75.9375,35.35938,26.6875
0:2:55.22,-53.85938,-10.53125,-103.1562
0:2:55.36,-88.125,-24.75,-208.875
0:2:55.51,-50.42188,-6.875,-157.5469
0:2:55.67,42.4375,15.45313,56.95313
0:2:55.82,68.3125,0.59375,160.3437
0:2:55.97,44.39063,-12.23438,199.3906
0:2:56.11,72.25,15.10938,79.03125
0:2:56.27,-37.29687,-13.625,-112.9063
0:2:56.42,-83.8125,-25.4375,-177.2031
0:2:56.57,-71.82813,-9.515625,-153.3437
0:2:56.71,35.21875,16.29688,8.796875
0:2:56.86,66.92188,10.25,141.4531
0:2:57.1,84.39063,17.10938,188.2187
0:2:57.20,29.65625,-4.359375,134.0781
0:2:57.35,-52.5625,-7.5,-144.9062
0:2:57.50,-106.8437,-25.14063,-207.7656
0:2:57.65,-57.70313,-15.07813,-180.6094
0:2:57.80,18.9375,20.4375,8.96875
0:2:57.95,11.45313,-28.10938,187.875
0:2:58.10,85.42188,3.671875,206.2187
0:2:58.27,67.1875,9.0625,97.85937
0:2:58.41,-68.51563,-9.765625,-123.2344
0:2:58.57,-86.70313,-16.03125,-235.5
0:2:58.72,-52.84375,-3.34375,-159.1563
0:2:58.88,29.23438,16.79688,48.32813
0:2:59.3,21.6875,-23.17188,180.7969
0:2:59.18,69.96875,-1.84375,174.2344
0:2:59.35,93.35938,26.0,95.53125
0:2:59.50,-39.1875,0.078125,-123.2656
0:2:59.69,-104.125,-45.875,-187.2969
0:2:59.85,-27.82813,7.203125,-105.1094
0:3:0.0,42.53125,10.0625,94.57812
0:3:0.13,49.875,-0.484375,136.5937
0:3:0.27,29.9375,-27.0625,186.8906
0:3:0.43,111.0937,30.57812,81.50001
0:3:0.58,-38.125,6.984375,-128.8125
0:3:0.72,-80.9375,-23.75,-205.8125
0:3:0.86,-61.9375,-10.65625,-126.0781
0:3:1.0,6.96875,7.609375,10.26563
0:3:1.14,45.60937,-13.51563,114.6875
0:3:1.28,62.78125,-6.546875,129.6875
0:3:1.42,27.79688,-25.32813,157.1562
0:3:1.58,51.32813,9.515625,-22.4375
0:3:1.72,-46.95313,13.03125,-147.9375
0:3:1.87,-78.76563,-11.17188,-176.9844
0:3:2.6,-1.1875,15.89063,-29.89063
0:3:2.19,25.71875,-15.03125,97.3125
0:3:2.34,80.17188,14.85938,118.2969
0:3:2.48,52.23438,-1.328125,144.0469
0:3:2.63,60.73438,5.609375,42.10938
0:3:2.78,-43.5,10.92188,-111.4687
0:3:2.92,-63.46875,-13.6875,-181.1562
0:3:3.7,-41.9375,-7.765625,-115.0625
0:3:3.21,1.953125,-0.234375,22.625
0:3:3.36,60.54688,4.78125,126.4531
0:3:3.51,48.75,-8.25,119.4062
0:3:3.66,49.70313,-4.3125,96.98438
0:3:3.82,43.78125,-0.9375,-56.625
0:3:3.97,-50.54688,-20.21875,-111.0469
0:3:4.12,-66.35938,-18.89063,-131.7969
0:3:4.27,-16.29688,-1.703125,-46.90625
0:3:4.47,52.79687,6.65625,112.0312
0:3:4.62,77.04688,25.46875,94.90625
0:3:4.76,-13.875,-30.03125,104.8437
0:3:4.92,73.67188,4.59375,-14.65625
0:3:5.7,-43.71875,1.453125,-126.3281
0:3:5.21,-60.76562,-6.8125,-165.4063
0:3:5.36,-20.78125,0.140625,-51.79688
0:3:5.51,54.5,18.65625,88.21876
0:3:5.66,43.65625,0.0,103.5313
0:3:5.81,-3.953125,-19.0,113.7969
0:3:5.96,69.85938,26.53125,42.59375
0:3:6.12,-43.5625,-4.90625,-108.4375
0:3:6.27,-62.4375,-13.67188,-137.4062
0:3:6.42,-30.375,-3.078125,-91.14062
0:3:6.57,53.5,27.40625,61.17188
0:3:6.72,32.04688,-0.359375,109.9219
0:3:6.92,14.53125,-12.17188,132.4844
0:3:7.7,51.85937,16.5,26.60938
0:3:7.22,-34.0,10.76563,-133.0156
0:3:7.41,-45.875,-1.8125,-151.9687
0:3:7.54,-16.25,3.703125,-65.75
0:3:7.67,42.26563,20.09375,90.64063
0:3:7.81,22.0,-8.921875,124.75
0:3:7.94,-0.640625,-31.59375,104.4062
0:3:8.8,40.875,-1.71875,84.90625
0:3:8.22,65.46875,19.51563,-24.28125
0:3:8.36,-77.75,-10.32812,-127.0312
0:3:8.49,-80.34375,-10.25,-168.125
0:3:8.63,-26.0625,1.4375,-88.1875
0:3:8.76,35.5,19.3125,26.65625
0:3:8.90,44.98437,-7.296875,129.5156
0:3:9.3,55.17188,-9.328125,121.3125
0:3:9.19,55.01563,-3.15625,117.0625
0:3:9.34,27.15625,-11.45313,-46.60938
0:3:9.47,-36.96875,-7.75,-155.9375
0:3:9.60,-76.65625,-14.5,-180.6719
0:3:9.74,-44.1875,-6.71875,-69.10938
0:3:9.87,43.09375,18.71875,68.82813
0:3:10.0,44.39063,-8.640625,115.6562
0:3:10.13,56.625,-7.984375,91.21875
0:3:10.29,-25.28125,-49.90625,113.0156
0:3:10.43,91.15625,30.90625,5.90625
0:3:10.57,-47.3125,15.42188,-172.4219
0:3:10.72,-59.67187,-1.015625,-169.0938
0:3:10.87,-12.67187,7.09375,-42.07813
0:3:11.1,41.59375,6.078125,93.26563
0:3:11.15,42.20313,-7.71875,123.3125
0:3:11.30,37.53125,-5.828125,173.3906
0:3:11.50,80.42188,24.10938,-4.0625
0:3:11.64,-48.73437,-8.390625,-130.5156
0:3:11.79,-93.46875,-25.01563,-177.6562
0:3:11.94,-47.84375,-2.40625,-127.0937
0:3:12.8,64.17188,40.90625,60.98438
0:3:12.22,-33.53125,-40.48438,134.6563
0:3:12.37,-8.953125,-45.76562,138.9219
0:3:12.52,102.75,22.0625,103.5156
0:3:12.67,-37.6875,-18.3125,-96.89063
0:3:12.81,-34.71875,-7.078125,-172.2812
0:3:12.96,-44.9375,-11.6875,-131.3125
0:3:13.11,-0.21875,2.59375,10.59375
0:3:13.27,57.59375,7.078125,125.4687
0:3:13.41,37.17188,-11.0,101.75
0:3:13.56,58.95313,2.140625,136.4062
0:3:13.71,53.1875,-2.671875,-27.92187
0:3:13.91,-56.125,-22.82813,-183.1562
0:3:14.5,-54.07813,-13.23438,-136.7969
0:3:14.19,-9.296875,12.125,2.515625
0:3:14.35,42.5625,-2.0625,107.5469
0:3:14.50,40.6875,-10.34375,126.7187
0:3:14.64,61.07812,1.953125,141.4063
0:3:14.79,7.953125,-9.46875,-31.21875
0:3:14.94,-27.23438,5.5,-170.5469
0:3:15.9,-65.10938,-10.0,-189.1719
0:3:15.23,-8.921875,18.34375,-47.84375
0:3:15.39,51.3125,11.21875,120.8281
0:3:15.54,56.95313,0.0625,145.6094
0:3:15.68,79.95313,3.25,134.8594
0:3:15.84,59.35937,-6.46875,6.15625
0:3:15.99,8.3125,20.76563,-131.4687
0:3:16.14,-53.03125,2.75,-181.4063
0:3:16.35,32.20313,39.67188,42.3125
0:3:16.50,46.0,-3.625,129.6094
0:3:16.65,62.0,-1.171875,75.04688
0:3:16.81,29.25,-11.625,83.46875
0:3:16.96,-3.28125,-24.15625,-29.90625
0:3:17.11,-13.96875,-3.390625,-149.8906
0:3:17.26,-32.98438,0.15625,-109.1875
0:3:17.43,18.09375,9.328125,29.73438
0:3:17.58,55.40625,0.703125,86.07813
0:3:17.74,35.09375,-9.8125,86.23438
0:3:17.89,22.34375,-4.15625,81.39063
0:3:18.4,-13.07813,-13.46875,-46.45313
0:3:18.18,-34.64062,-5.59375,-121.5781
0:3:18.34,-45.76562,-3.984375,-110.875
0:3:18.50,17.78125,10.76563,12.46875
0:3:18.66,54.60938,4.515625,97.625
0:3:18.87,59.29688,3.0,85.26563
0:3:19.2,54.5,11.67188,74.45313
0:3:19.17,-37.8125,-17.75,-65.9375
0:3:19.32,-65.89063,-8.34375,-137.75
0:3:19.49,-13.20313,13.59375,-71.45313
0:3:19.65,21.54688,8.65625,56.60938
0:3:19.81,19.75,-26.14063,92.79688
0:3:19.97,44.84375,-3.90625,105.875
0:3:20.12,44.40625,11.09375,53.84375
0:3:20.28,-69.9375,-5.6875,-78.65625
0:3:20.44,-56.89063,7.84375,-179.1406
0:3:20.61,-28.26563,4.890625,-76.54687
0:3:20.76,55.09375,15.29688,98.34375
0:3:20.92,35.14063,-15.64063,98.14063
0:3:21.8,30.46875,-7.109375,121.6563
0:3:21.23,78.23438,28.04688,55.0625
0:3:21.43,-47.65625,-14.65625,-158.4844
0:3:21.59,-71.71875,-20.32813,-128.2812
0:3:21.75,14.92188,20.26562,5.953125
0:3:21.91,19.14063,-22.375,115.5469
0:3:22.7,39.23438,-11.0,113.5781
0:3:22.22,43.875,-3.828125,112.375
0:3:22.38,-10.92188,-19.82813,-64.76563
0:3:22.54,-33.78125,-1.796875,-159.5
0:3:22.70,-49.3125,-8.90625,-124.0312
0:3:22.87,25.96875,17.4375,42.25
0:3:23.3,44.48438,-16.09375,132.7031
0:3:23.18,59.34375,5.0,131.125
0:3:23.33,55.54688,12.48438,103.4063
0:3:23.49,-43.85938,-0.109375,-107.7969
0:3:23.65,-74.65625,-19.14063,-198.3594
0:3:23.82,-41.32813,0.015625,-96.65626
0:3:24.2,51.84375,-8.875,120.0469
0:3:24.17,43.71875,-17.6875,131.0469
0:3:24.33,47.4375,-5.796875,143.4688
0:3:24.50,16.64063,1.796875,-78.125
0:3:24.64,-72.875,-15.59375,-138.9844
0:3:24.78,-65.03125,4.921875,-186.9219
0:3:24.93,-9.234375,11.96875,-31.17188
0:3:25.8,50.98438,-5.953125,99.54688
0:3:25.21,-15.07813,-53.57812,122.3281
0:3:25.35,46.78125,-12.625,130.0937
0:3:25.50,54.3125,15.70313,63.96875
0:3:25.64,-53.64063,9.875,-103.625
0:3:25.78,-70.45312,-14.57813,-154.6875
0:3:25.92,-41.0625,-0.609375,-127.8594
0:3:26.7,15.57813,3.734375,21.65625
0:3:26.20,48.90625,-17.67188,109.4687
0:3:26.39,-6.171875,-46.75,110.5156
0:3:26.55,69.14063,16.70313,93.42188
0:3:26.69,-29.1875,-11.375,-75.65625
0:3:26.84,-53.8125,-8.9375,-140.4844
0:3:26.99,-48.20313,4.703125,-123.3594
0:3:27.13,8.421875,16.73438,-3.546875
0:3:27.28,54.57813,-7.84375,104.375
0:3:27.42,-37.28125,-58.9375,99.85938
0:3:27.56,11.45313,-25.57812,105.7969
0:3:27.71,81.84375,37.3125,9.234375
0:3:27.86,-38.51563,21.59375,-123.1406
0:3:28.1,-61.35938,-3.328125,-154.8906
0:3:28.14,-39.39063,-2.953125,-71.78125
0:3:28.29,60.53125,25.9375,68.67188
0:3:28.43,30.5,-12.82812,117.3281
0:3:28.58,2.984375,-26.4375,111.5469
0:3:28.78,75.32813,18.45313,29.29688
0:3:28.93,-34.90625,9.734375,-126.6094
0:3:29.9,-52.75,7.578125,-162.8438
0:3:29.23,-18.375,11.21875,-92.21875
0:3:29.38,37.73438,11.60938,97.21875
0:3:29.53,33.0625,-13.03125,137.2969
0:3:29.68,25.6875,-8.90625,105.7656
0:3:29.82,42.14063,5.46875,56.23437
0:3:29.98,-26.42188,0.546875,-108.6875
0:3:30.12,-69.53125,-21.70313,-136.4219
0:3:30.27,-39.34375,-3.171875,-108.6094
0:3:30.41,32.20313,23.875,31.9375
0:3:30.56,-17.07813,-32.6875,101.375
0:3:30.71,32.23438,-19.46875,87.875
0:3:30.87,42.125,-3.953125,102.5156
0:3:31.1,25.3125,-12.48438,-44.5
0:3:31.20,-82.25,-13.26563,-115.6875
0:3:31.35,-34.21875,15.35938,-132.2187
0:3:31.49,28.51563,25.29688,-10.92188
0:3:31.64,60.90625,1.5,117.625
0:3:31.79,62.45313,-7.328125,122.1406
0:3:31.94,9.71875,-31.46875,136.7344
0:3:32.9,26.71875,-7.71875,-43.45313
0:3:32.23,-51.20313,-2.609375,-146.2656
0:3:32.38,-64.1875,1.0,-174.0
0:3:32.53,-10.82813,13.625,-63.95313
0:3:32.69,55.45312,10.1875,109.9219
0:3:32.83,63.03125,4.984375,125.8594
0:3:33.0,35.4375,-10.01562,162.1562
0:3:33.14,57.65625,-3.734375,11.25
0:3:33.29,-42.5625,12.8125,-130.3437
0:3:33.44,-60.84375,5.421875,-207.0625
0:3:33.64,6.640625,14.40625,-28.21875
0:3:33.79,41.53125,-13.59375,132.25
0:3:33.95,44.01563,-13.04688,127.4375
0:3:34.10,39.125,-14.09375,140.25
0:3:34.25,40.76562,0.71875,-55.89063
0:3:34.41,-36.15625,5.625,-171.9687
0:3:34.56,-60.67188,-1.78125,-157.3594
0:3:34.71,6.640625,10.5625,-15.4375
0:3:34.87,43.3125,11.42187,125.2344
0:3:35.3,3.203125,-28.26563,111.9531
0:3:35.17,28.59375,-17.23438,114.1562
0:3:35.33,98.54688,31.65625,-12.92188
0:3:35.49,-33.32813,-4.8125,-171.2031
0:3:35.64,-69.20312,-24.0,-163.75
0:3:35.79,-0.953125,12.40625,-20.96875
0:3:35.94,45.96875,9.984375,140.1562
0:3:36.15,43.85938,-16.375,86.84375
0:3:36.30,63.51563,24.54688,124.125
0:3:36.46,-32.76562,-26.4375,-85.39063
0:3:36.61,-65.92187,-24.95312,-168.25
0:3:36.76,-45.45312,-1.0,-162.0156
0:3:36.92,14.65625,17.64063,13.07813
0:3:37.8,45.25,7.625,165.2812
0:3:37.23,49.46875,-0.796875,142.9219
0:3:37.39,35.39063,-15.76563,122.7813
0:3:37.55,3.453125,-12.21875,-120.1406
0:3:37.70,-62.5625,-35.14063,-168.8125
0:3:37.86,-42.875,-4.421875,-113.5625
0:3:38.2,12.57813,15.51563,31.78125
0:3:38.17,33.4375,0.765625,137.5937
0:3:38.34,20.89062,-14.96875,136.7188
0:3:38.49,72.40625,19.8125,103.8906
0:3:38.70,-34.60938,1.828125,-152.4063
0:3:38.86,-73.39063,-16.53125,-203.6406
0:3:39.2,-31.15625,5.59375,-82.67188
0:3:39.17,57.4375,31.73438,128.875
0:3:39.33,49.5,-3.03125,135.9062
0:3:39.49,-2.78125,-33.85937,150.0625
0:3:39.65,100.7813,27.60937,3.8125
0:3:39.81,-29.6875,6.09375,-165.3281
0:3:39.97,-71.23437,-21.57813,-172.75
0:3:40.14,-8.25,14.90625,-41.84375
0:3:40.29,51.73438,8.53125,140.375
0:3:40.47,55.23438,-3.0625,140.3594
0:3:40.63,49.79688,-18.26563,129.1406
0:3:40.79,-22.65625,-13.54688,-87.14063
0:3:40.96,-40.23438,-8.859375,-194.9219
0:3:41.12,-55.04688,-15.1875,-122.9844
0:3:41.33,63.17188,28.125,130.7656
0:3:41.49,44.84375,-12.23438,135.8437
0:3:41.70,35.57812,-19.17188,133.625
0:3:41.85,47.89063,0.71875,-75.6875
0:3:41.99,-29.51563,-14.14063,-180.9531
0:3:42.13,-88.09375,-25.57812,-162.9531
0:3:42.28,-6.65625,23.625,-60.09375
0:3:42.42,45.98438,21.8125,105.5781
0:3:42.56,7.546875,-19.125,154.0156
0:3:42.71,34.98438,-13.35938,137.7344
0:3:42.85,62.9375,14.625,63.6875
0:3:42.99,-47.35938,0.203125,-119.0469
0:3:43.13,-46.48438,-8.890625,-198.5781
0:3:43.27,-48.5625,-3.59375,-121.7812
0:3:43.42,24.01562,19.70313,22.25
0:3:43.57,43.15625,-7.09375,156.4687
0:3:43.76,3.375,-33.4375,143.2344
0:3:43.90,67.625,13.76562,78.98438
0:3:44.4,-23.0,-13.65625,-104.2656
0:3:44.18,-44.98437,-23.14063,-162.625
0:3:44.32,-48.0625,-5.046875,-149.4375
0:3:44.47,22.73438,22.5,-10.57813
0:3:44.61,14.42188,-22.85938,170.4688
0:3:44.75,91.10938,18.6875,92.92188
0:3:44.89,16.3125,-15.34375,127.6406
0:3:45.4,67.60938,18.125,41.5
0:3:45.17,-49.01563,4.28125,-149.7344
0:3:45.32,-55.54688,-6.84375,-188.9844
0:3:45.48,-31.39063,0.046875,-87.12501
0:3:45.62,43.70313,18.35938,94.6875
0:3:45.77,23.625,-10.39063,136.5312
0:3:45.92,-32.5,-40.9375,129.7344
0:3:46.11,117.0625,39.1875,27.625
0:3:46.26,-72.03125,-8.515625,-123.9844
0:3:46.41,-67.28125,-10.57813,-208.0
0:3:46.56,-34.29688,-2.046875,-107.5312
0:3:46.70,51.54687,35.14063,55.5
0:3:46.85,22.29687,-18.82813,169.7031
0:3:47.0,2.28125,-34.875,140.5469
0:3:47.14,76.23437,8.90625,118.4062
0:3:47.29,-19.85938,-4.609375,-127.7187
0:3:47.44,-33.53125,-16.42188,-190.4219
0:3:47.59,-51.85937,-18.89063,-130.7969
0:3:47.74,20.0625,14.59375,42.4375
0:3:47.89,63.07813,21.89063,156.5
0:3:48.4,45.90625,1.78125,151.4219
0:3:48.18,58.78125,-0.21875,126.3438
0:3:48.33,-6.28125,-18.3125,-78.0
0:3:48.53,-81.57813,-29.53125,-197.0156
0:3:48.68,-49.82812,-5.328125,-137.8281
0:3:48.83,39.95313,27.10938,52.53125
0:3:48.98,33.45313,-14.3125,159.7031
0:3:49.13,50.64063,-6.625,159.6094
0:3:49.27,67.79687,12.42188,119.4531
0:3:49.42,-4.40625,-9.84375,-100.5469
0:3:49.58,-83.875,-41.17188,-171.3281
0:3:49.74,-53.6875,-4.96875,-154.9219
0:3:49.89,22.45312,20.48438,20.9375
0:3:50.5,66.6875,10.10938,141.6562
0:3:50.19,82.28126,18.0625,159.6562
0:3:50.35,43.29688,-12.9375,145.0938
0:3:50.51,-25.57812,-3.984375,-77.71875
0:3:50.67,-46.90625,-4.40625,-210.2656
0:3:50.82,-51.17188,-2.96875,-145.9531
0:3:51.1,35.95313,16.34375,57.9375
0:3:51.16,16.75,-23.42188,158.2344
0:3:51.31,41.35938,-13.70313,176.7656
0:3:51.46,30.01563,-1.28125,108.7188
0:3:51.62,-14.84375,4.96875,-141.4688
0:3:51.77,-77.53125,-20.125,-189.125
0:3:51.92,-42.20313,-5.25,-99.31251
0:3:52.8,47.26563,33.70312,67.90625
0:3:52.22,23.65625,-14.0,131.8125
0:3:52.37,71.46875,9.59375,133.7031
0:3:52.52,51.45313,-0.4375,100.625
0:3:52.69,-38.04688,1.9375,-100.9219
0:3:52.84,-82.04688,-13.125,-161.2813
0:3:53.0,-22.875,19.4375,-89.82813
0:3:53.14,49.57813,27.51563,42.64062
0:3:53.30,-2.28125,-32.57813,105.3906
0:3:53.50,55.98438,3.765625,142.2969
0:3:53.66,46.65625,3.796875,12.59375
0:3:53.82,-54.96875,4.140625,-121.9375
0:3:53.97,-76.78125,-6.296875,-174.4062
0:3:54.12,-6.71875,19.26563,-60.25
0:3:54.28,66.70312,23.92188,99.35938
0:3:54.44,58.8125,3.328125,118.4531
0:3:54.60,12.64063,-19.79688,157.0938
0:3:54.76,46.57813,-4.046875,-29.84375
0:3:54.92,-55.15625,-22.0625,-155.7344
0:3:55.7,-74.01563,-12.64063,-159.7031
0:3:55.22,-0.765625,10.6875,-36.42188
0:3:55.38,61.75,3.640625,117.7187
0:3:55.54,93.26563,19.0625,130.2969
0:3:55.70,10.01562,-30.48438,159.4219
0:3:55.87,1.078125,-21.09375,-87.35938
0:3:56.7,-98.03125,-32.46875,-192.7187
0:3:56.22,-41.71875,2.796875,-142.375
0:3:56.37,43.21875,30.29688,55.54688
0:3:56.54,54.04687,4.84375,171.8437
0:3:56.70,23.20313,-17.28125,196.6406
0:3:56.87,22.07813,10.6875,13.60937
0:3:57.3,-16.42188,24.67188,-220.5781
0:3:57.18,-69.71875,-23.96875,-217.2344
0:3:57.34,-13.45312,6.375,-51.92188
0:3:57.50,74.76563,34.14063,176.8125
0:3:57.66,82.34375,23.57813,226.2344
0:3:57.81,70.73438,17.71875,122.5312
0:3:57.98,9.828125,5.421875,-55.65625
0:3:58.14,-88.34375,-23.34375,-241.4375
0:3:58.30,-122.5,-51.21875,-164.3125
0:3:58.47,8.3125,33.17188,-1.4375
0:3:58.67,21.6875,-35.14063,176.125
0:3:58.87,96.48438,9.96875,199.7656
0:3:59.1,90.65625,40.82813,57.0
0:3:59.15,-55.9375,-9.359375,-150.4219
0:3:59.29,-111.75,-54.20312,-226.375
0:3:59.44,-57.9375,-23.5625,-194.1094
0:3:59.58,19.1875,10.85938,12.3125
0:3:59.72,53.85938,7.921875,174.6719
0:3:59.87,72.8125,12.78125,236.7344
0:4:0.1,70.1875,22.42188,181.3906
0:4:0.14,41.01563,-3.78125,-60.85938
0:4:0.27,-52.64062,-24.0625,-202.9219
0:4:0.41,-94.31251,-47.48437,-260.0312
0:4:0.54,-53.84375,-8.703125,-162.4531
0:4:0.68,4.46875,1.0625,97.53125
0:4:0.82,29.28125,0.828125,222.3125
0:4:1.0,69.10938,2.546875,213.4063
0:4:1.14,69.21875,24.79687,115.0781
0:4:1.27,-29.46875,-25.48438,-163.3438
0:4:1.41,-75.29687,-53.57812,-266.0938
0:4:1.55,-79.64063,-34.4375,-206.3906
0:4:1.69,15.76563,30.15625,-29.35938
0:4:1.83,63.21875,2.640625,194.8594
0:4:1.96,133.7812,40.34375,231.0625
0:4:2.10,75.45312,16.15625,228.6094
0:4:2.24,18.70313,-2.328125,18.1875
0:4:2.38,-12.73438,2.734375,-232.375
0:4:2.51,-136.5937,-94.39063,-267.0
0:4:2.65,-70.32813,-26.76563,-184.0
0:4:2.79,-4.609375,2.140625,15.0
0:4:2.92,54.60938,-0.8125,200.3438
0:4:3.7,75.65625,-1.3125,211.625
0:4:3.24,86.78125,0.5625,123.5
0:4:3.38,49.26563,-7.6875,-105.3594
0:4:3.52,-57.90625,-38.92188,-192.7187
0:4:3.65,-87.75001,-13.90625,-207.7969
0:4:3.79,-17.79688,20.23438,-66.14063
0:4:3.93,83.42188,33.42188,123.5
0:4:4.7,40.64063,-14.875,179.4375
0:4:4.20,17.09375,-35.0625,163.1094
0:4:4.35,56.54687,-4.0,76.53125
0:4:4.49,-24.42188,19.79688,-124.5312
0:4:4.62,-76.40625,0.828125,-185.1563
0:4:4.76,-60.51563,20.28125,-140.625
0:4:4.90,34.79687,55.75,-59.71875
0:4:5.4,48.14063,-13.875,156.5781
0:4:5.17,42.85938,-34.65625,167.8906
0:4:5.31,42.1875,-30.82813,183.5781
0:4:5.51,25.14063,0.65625,-81.84375
0:4:5.65,-42.90625,7.984375,-196.0625
0:4:5.79,-77.82813,-5.484375,-201.8281
0:4:5.93,-27.0,7.96875,-64.04687
0:4:6.7,67.71875,27.3125,130.7344
0:4:6.21,16.35938,-35.09375,182.8281
0:4:6.35,37.3125,-33.9375,168.7969
0:4:6.50,78.79688,5.96875,61.89063
0:4:6.64,-31.8125,4.234375,-117.4062
0:4:6.78,-49.17188,-12.5625,-207.0625
0:4:6.92,-72.0,-12.14063,-150.5937
0:4:7.6,17.73438,26.95313,-12.85938
0:4:7.20,42.51563,-15.85938,154.3594
0:4:7.35,86.82813,11.375,143.1875
0:4:7.50,50.09375,-8.171875,167.5
0:4:7.65,41.79688,0.78125,-9.265625
0:4:7.83,-70.26563,-24.15625,-166.7656
0:4:7.98,-84.375,-21.1875,-198.6406
0:4:8.12,-15.82813,11.95313,-57.95312
0:4:8.27,72.6875,35.51563,130.5469
0:4:8.41,2.828125,-33.42188,182.5937
0:4:8.56,46.60938,-23.89063,141.4375
0:4:8.70,50.25,16.5625,36.57813
0:4:8.84,-41.89063,6.65625,-157.0625
0:4:8.99,-59.96875,-11.79688,-184.6406
0:4:9.13,-48.17188,-8.75,-113.2031
0:4:9.28,18.09375,17.95313,38.6875
0:4:9.42,51.76563,1.765625,157.5781
0:4:9.57,46.625,-8.34375,131.2187
0:4:9.72,60.15625,4.25,93.01562
0:4:9.87,15.35938,-17.1875,-65.4375
0:4:10.2,-89.57812,-24.5,-133.1719
0:4:10.22,-51.54687,-5.96875,-143.2812
0:4:10.37,38.07813,31.90625,24.35938
0:4:10.53,31.5625,-19.54688,163.4375
0:4:10.70,48.10937,-13.5625,138.1562
0:4:10.87,59.25,10.125,73.15625
0:4:11.2,-40.20313,10.07813,-125.5469
0:4:11.17,-55.95313,-14.71875,-181.5312
0:4:11.33,-36.76563,-9.40625,-118.8906
0:4:11.48,50.89063,32.92187,75.14062
0:4:11.64,24.84375,-16.15625,159.4219
0:4:11.80,16.25,-22.59375,149.5
0:4:11.96,81.9375,19.125,56.71875
0:4:12.12,-37.15625,25.48438,-153.7344
0:4:12.27,-68.875,-2.640625,-212.5781
0:4:12.43,-27.76562,5.140625,-107.8281
0:4:12.59,53.51563,16.625,114.6875
0:4:12.79,89.04688,-1.03125,147.1094
0:4:12.96,40.84375,-23.875,143.0156
0:4:13.12,18.51563,-13.0625,-84.84375
0:4:13.28,-65.0625,-19.29688,-167.375
0:4:13.43,-63.5,-12.15625,-167.6562
0:4:13.59,4.890625,17.1875,4.046875
0:4:13.75,32.5,-10.34375,151.7969
0:4:13.91,38.92188,-28.53125,152.5937
0:4:14.8,59.9375,-13.96875,100.5937
0:4:14.23,-10.82813,-8.984375,-82.26563
0:4:14.39,-53.59375,-8.5625,-185.4219
0:4:14.54,-46.71875,0.9375,-143.4844
0:4:14.71,13.29687,8.03125,39.75
0:4:14.87,73.1875,11.34375,172.1562
0:4:15.3,59.14063,5.140625,163.3594
0:4:15.18,39.625,-6.90625,74.84375
0:4:15.39,-65.4375,4.75,-141.5156
0:4:15.55,-71.20313,5.671875,-205.1094
0:4:15.75,4.453125,23.25,-25.76563
0:4:15.89,-20.95313,-74.20312,139.8281
0:4:16.3,65.84375,-14.82813,142.875
0:4:16.17,54.53125,-23.25,161.6094
0:4:16.31,56.65625,14.65625,-9.8125
0:4:16.46,-43.28125,20.85938,-152.7344
0:4:16.61,-60.54688,3.515625,-191.0
0:4:16.74,-41.39062,6.984375,-95.42188
0:4:16.88,37.48438,15.6875,44.625
0:4:17.2,51.15625,-11.15625,142.7812
0:4:17.16,29.73438,-33.57813,133.1563
0:4:17.31,42.57813,-26.1875,125.7187
0:4:17.45,54.29688,13.48438,-24.07813
0:4:17.59,-63.59375,12.0,-164.2656
0:4:17.78,-56.28125,-0.71875,-180.3906
0:4:17.92,1.5,18.89063,-35.4375
0:4:18.6,69.46875,14.25,139.0156
0:4:18.20,52.96875,-1.046875,157.5156
0:4:18.35,39.625,-20.59375,170.4688
0:4:18.49,67.67188,8.03125,8.390625
0:4:18.63,-44.73438,14.35938,-125.4687
0:4:18.77,-56.01563,1.0,-212.6406
0:4:18.92,-43.82813,-3.203125,-133.9062
0:4:19.7,25.71875,21.51562,48.79688
0:4:19.21,27.17188,-27.59375,173.8906
0:4:19.36,33.15625,-35.98438,150.2969
0:4:19.50,67.32812,-1.421875,112.7969
0:4:19.66,2.421875,1.125,-93.9375
0:4:19.80,-50.4375,-11.0,-165.6406
0:4:19.95,-52.54688,-4.671875,-181.375
0:4:20.14,24.20313,11.04688,74.07813
0:4:20.29,15.51563,-30.79688,157.7031
0:4:20.44,44.73438,-18.51563,141.4844
0:4:20.59,49.76563,-0.953125,89.60938
0:4:20.74,-6.53125,-15.53125,-121.0938
0:4:20.89,-63.25,-23.42188,-155.3437
0:4:21.4,-67.03125,-9.546875,-118.6094
0:4:21.19,27.20313,33.6875,5.8125
0:4:21.34,43.53125,-7.84375,138.3438
0:4:21.49,54.65625,-11.46875,115.8594
0:4:21.65,43.60938,-18.34375,129.9062
0:4:21.80,-5.25,-13.09375,-48.0625
0:4:21.94,-87.48438,3.28125,-160.3906
0:4:22.11,-46.25,22.20313,-170.75
0:4:22.26,5.609375,30.28125,-24.73438
0:4:22.40,31.09375,-25.3125,124.1875
0:4:22.60,33.96875,-39.51563,144.75
0:4:22.75,66.28125,-2.4375,100.0625
0:4:22.90,3.140625,-9.453125,-77.51563
0:4:23.4,-75.03125,-11.59375,-160.7031
0:4:23.19,-51.39062,11.07813,-165.3906
0:4:23.34,4.015625,21.51562,-11.35938
0:4:23.49,19.65625,-40.0625,134.5469
0:4:23.64,54.04687,-23.20313,131.3906
0:4:23.79,35.39063,-32.48438,121.25
0:4:23.94,73.20313,26.625,-13.70313
0:4:24.9,-58.64063,15.07813,-165.7344
0:4:24.25,-72.375,-11.10937,-158.8125
0:4:24.40,-8.546875,24.29688,-60.21875
0:4:24.55,47.53125,26.54688,112.5
0:4:24.70,38.46875,-18.625,143.375
0:4:24.85,41.20313,-18.67188,119.25
0:4:25.5,8.96875,-19.0,-31.125
0:4:25.19,-66.95313,-3.859375,-156.4844
0:4:25.35,-64.53125,2.59375,-179.4531
0:4:25.50,-10.82813,28.9375,-40.92187
0:4:25.66,69.29688,10.48437,141.6562
0:4:25.81,72.04688,-2.765625,143.4375
0:4:25.97,64.07813,-4.984375,151.9063
0:4:26.14,15.65625,-23.71875,-87.14063
0:4:26.30,-73.15625,-25.09375,-173.2812
0:4:26.45,-43.10937,1.5,-149.6094
0:4:26.61,13.03125,26.90625,12.4375
0:4:26.76,38.71875,-22.71875,168.2969
0:4:26.92,55.46875,-13.5625,144.1875
0:4:27.7,33.28125,-22.14062,122.2031
0:4:27.21,-4.859375,-9.984375,-81.14062
0:4:27.38,-53.35938,-2.921875,-195.2812
0:4:27.59,-29.96875,14.15625,-104.1562
0:4:27.75,36.125,18.96875,93.1875
0:4:27.90,50.65625,-17.82813,170.4375
0:4:28.6,4.4375,-55.98438,166.6406
0:4:28.21,73.32813,20.53125,47.28125
0:4:28.36,-44.03125,24.34375,-149.6875
0:4:28.53,-70.75,10.48437,-193.1406
0:4:28.69,-11.75,26.67187,-95.75
0:4:28.85,44.85938,15.34375,110.8125
0:4:29.1,24.0625,-32.8125,161.9062
0:4:29.16,28.0,-39.59375,141.875
0:4:29.32,54.0625,13.0,42.8125
0:4:29.49,-71.0625,21.42188,-163.875
0:4:29.64,-55.95313,27.82813,-211.0937
0:4:29.80,-11.84375,19.98438,-68.73437
0:4:29.96,40.375,-17.04688,136.2969
0:4:30.17,23.67188,-43.73437,153.5625
0:4:30.33,68.07813,-1.84375,130.9844
0:4:30.49,-11.84375,7.484375,-125.5625
0:4:30.66,-55.5,10.625,-212.1562
0:4:30.82,-42.92188,7.796875,-118.0469
0:4:30.98,26.15625,14.07813,68.39063
0:4:31.14,26.46875,-24.95312,175.6406
0:4:31.30,35.40625,-22.625,151.0156
0:4:31.47,60.28125,11.875,15.73438
0:4:31.63,-65.78125,3.515625,-130.0937
0:4:31.79,-71.01563,3.375,-196.9375
0:4:31.95,-4.84375,25.14063,-74.15625
0:4:32.11,61.85937,15.0,134.9062
0:4:32.27,47.76563,-10.51563,139.5
0:4:32.44,54.57813,-20.45313,139.125
0:4:32.59,26.21875,-10.5,-43.6875
0:4:32.81,-72.64062,5.359375,-187.2812
0:4:33.1,-39.4375,14.40625,-84.5625
0:4:33.14,59.57813,36.39063,61.59375
0:4:33.28,40.54688,-16.85938,125.1562
0:4:33.42,18.32813,-41.29688,156.6094
0:4:33.56,59.82812,-8.46875,123.0156
0:4:33.70,-15.20313,-7.0,-110.0312
0:4:33.85,-57.29688,3.171875,-149.7969
0:4:33.99,-59.10938,6.984375,-153.6875
0:4:34.14,16.9375,33.20313,-35.01563
0:4:34.28,61.14063,-0.40625,118.5781
0:4:34.42,36.51562,-24.90625,124.1406
0:4:34.57,57.57813,-7.171875,160.7344
0:4:34.71,19.04688,-10.17187,6.8125
0:4:34.85,-25.625,26.07813,-153.5781
0:4:35.0,-49.65625,13.60937,-207.7188
0:4:35.18,1.921875,19.67188,-8.140625
0:4:35.32,51.89063,-7.265625,130.0469
0:4:35.47,27.125,-28.70313,131.25
0:4:35.61,53.67188,-3.609375,137.5
0:4:35.76,28.8125,-14.9375,0.921875
0:4:35.90,-43.65625,16.48438,-151.8906
0:4:36.5,-70.20313,1.6875,-219.8125
0:4:36.18,-33.60938,6.859375,-68.125
0:4:36.33,68.73437,36.85938,103.2187
0:4:36.47,-21.28125,-57.10938,154.3594
0:4:36.61,66.125,-4.71875,128.7187
0:4:36.77,67.48437,23.375,68.03125
0:4:36.92,-56.1875,13.20313,-90.64063
0:4:37.6,-43.48438,-12.6875,-201.2812
0:4:37.20,-38.25,-6.84375,-137.5
0:4:37.34,22.46875,6.171875,42.3125
0:4:37.53,57.14063,8.421875,131.0
0:4:37.68,44.42188,15.4375,146.7188
0:4:37.83,59.5,4.59375,67.92188
0:4:37.98,-71.64063,-7.046875,-89.03125
0:4:38.12,-80.0,-13.15625,-176.7031
0:4:38.26,-41.1875,7.875,-148.8594
0:4:38.41,20.53125,19.3125,17.78125
0:4:38.56,-2.203125,-43.90625,137.6094
0:4:38.71,7.625,-44.03125,158.2812
0:4:38.87,41.28125,5.5,104.7031
0:4:39.1,-27.9375,-10.35938,-108.7812
0:4:39.15,-94.40625,-17.75,-154.8281
0:4:39.30,-49.92188,16.79688,-148.1875
0:4:39.45,6.140625,15.42188,-23.53125
0:4:39.60,62.20313,-17.01563,126.3438
0:4:39.76,59.375,-30.78125,141.5937
0:4:39.96,54.0,0.921875,113.5469
0:4:40.10,-44.76563,13.9375,-114.3906
0:4:40.25,-59.6875,13.0,-190.875
0:4:40.40,-47.1875,12.625,-143.3281
0:4:40.55,39.625,29.625,10.21875
0:4:40.72,66.46875,-26.14063,166.2031
0:4:40.88,22.98438,-61.76563,147.6406
0:4:41.3,69.04687,-11.96875,100.2187
0:4:41.17,-34.46875,31.03125,-112.2656
0:4:41.33,-39.75,28.90625,-226.6562
0:4:41.49,-41.65625,11.96875,-136.375
0:4:41.64,8.5,0.4375,54.79688
0:4:41.80,15.09375,-46.15625,177.5469
0:4:41.96,63.10937,-26.10938,173.7344
0:4:42.12,53.39063,1.21875,70.39063
0:4:42.27,-26.64063,34.375,-146.2969
0:4:42.47,-72.59375,-5.28125,-220.2344
0:4:42.63,-8.375,3.5,-57.65625
0:4:42.78,74.5625,13.10938,144.9844
0:4:42.94,44.15625,-20.25,166.7656
0:4:43.9,48.42187,-9.296875,120.9687
0:4:43.24,43.46875,8.90625,10.10938
0:4:43.39,-52.60938,30.98438,-142.6875
0:4:43.55,-68.57812,8.578125,-201.3594
0:4:43.70,-9.734375,14.46875,-74.76563
0:4:43.85,49.0,-1.71875,130.0469
0:4:44.1,85.60938,-8.109375,138.0937
0:4:44.16,26.75,-17.95313,136.5781
0:4:44.32,47.0,32.28125,37.4375
0:4:44.47,-76.9375,30.35938,-162.4062
0:4:44.63,-70.09375,-1.578125,-173.7031
0:4:44.79,-7.765625,22.70313,-86.26563
0:4:44.99,25.0,-46.42188,144.125
0:4:45.15,52.78125,-28.625,150.9062
0:4:45.30,58.625,-8.984375,122.1875
0:4:45.45,-5.296875,-2.5,-66.79688
0:4:45.61,-54.54688,-1.0625,-188.75
0:4:45.76,-67.17187,-2.265625,-156.2031
0:4:45.92,17.75,25.92188,0.453125
0:4:46.8,14.625,-46.14063,152.6562
0:4:46.23,61.51563,-27.14062,124.7656
0:4:46.39,84.26562,11.60938,121.2344
0:4:46.56,-22.23438,-1.25,-104.0625
0:4:46.72,-45.75,8.171875,-185.6719
0:4:46.87,-38.73438,3.0,-119.2187
0:4:47.4,4.703125,-4.234375,42.125
0:4:47.19,51.04688,-16.35938,150.3906
0:4:47.35,9.796875,-48.46875,148.0781
0:4:47.56,62.03125,14.23438,21.84375
0:4:47.71,-25.78125,46.125,-156.875
0:4:47.87,-62.60938,4.546875,-195.4062
0:4:48.2,-19.40625,-0.296875,-68.375
0:4:48.17,49.98437,9.59375,106.7031
0:4:48.34,26.39063,-28.35938,159.375
0:4:48.50,32.67188,-20.125,117.4062
0:4:48.66,50.125,22.01563,4.15625
0:4:48.82,-70.10938,14.51563,-153.7187
0:4:48.98,-60.625,18.98438,-179.625
0:4:49.15,-17.01563,14.23438,-68.73437
0:4:49.30,36.6875,-15.26563,131.0625
0:4:49.47,55.76562,-19.09375,100.375
0:4:49.63,71.21875,3.90625,125.3906
0:4:49.80,33.46875,-2.71875,-0.75
0:4:49.96,-48.26562,10.28125,-161.6875
0:4:50.20,-35.07813,-5.703125,-94.67188
0:4:50.34,20.46875,9.15625,44.5625
0:4:50.49,36.03125,-24.20313,145.5625
0:4:50.63,67.4375,-0.140625,96.4375
0:4:50.78,26.5,-21.07813,105.0625
0:4:50.92,10.25,-7.65625,-29.39063
0:4:51.7,-73.67188,8.078125,-155.2031
0:4:51.21,-49.14063,7.375,-180.8281
0:4:51.35,-10.40625,9.296875,-72.25
0:4:51.50,53.67188,-8.0,157.2969
0:4:51.65,141.3281,44.51562,134.1406
0:4:51.79,-11.375,-24.65625,148.375
0:4:51.93,62.96875,24.60938,48.35938
0:4:52.7,-39.5,3.046875,-131.4062
0:4:52.21,-61.10938,-11.6875,-190.0937
0:4:52.35,-59.21875,-10.09375,-136.6562
0:4:52.54,51.82813,25.78125,60.85938
0:4:52.69,1.21875,-36.57813,133.9219
0:4:52.83,50.3125,-23.25,110.1719
0:4:52.97,74.625,4.890625,116.7969
0:4:53.12,-6.1875,-15.71875,-31.15625
0:4:53.26,-72.54688,-15.28125,-144.25
0:4:53.41,-83.5,-3.796875,-143.5156
0:4:53.55,23.92188,40.01563,-60.73438
0:4:53.70,72.10938,17.5625,88.85938
0:4:53.84,107.5938,33.5,131.2656
0:4:53.98,26.84375,3.6875,170.5781
0:4:54.13,16.32813,1.71875,47.34375
0:4:54.28,-50.98438,11.0625,-160.9844
0:4:54.43,-74.48438,-3.953125,-213.6406
0:4:54.58,-36.875,13.60937,-97.92188
0:4:54.73,57.45313,29.57813,95.20312
0:4:54.92,76.32813,-4.28125,157.7812
0:4:55.6,-9.3125,-44.4375,159.3125
0:4:55.20,91.125,33.51563,40.01563
0:4:55.35,-33.25,26.34375,-176.6562
0:4:55.51,-88.95312,-14.26563,-197.125
0:4:55.65,-34.65625,6.8125,-106.4844
0:4:55.80,67.59375,32.5625,101.7969
0:4:55.96,61.14063,-19.96875,162.7344
0:4:56.10,27.17188,-39.57813,172.1562
0:4:56.25,95.3125,24.1875,49.20312
0:4:56.41,-26.4375,18.875,-149.9531
0:4:56.56,-78.0625,-13.67188,-195.8281
0:4:56.71,-40.23438,-3.796875,-101.9688
0:4:56.85,35.35938,15.5625,87.32813
0:4:57.1,47.79687,-5.359375,138.0
0:4:57.15,25.10937,-30.51563,143.4688
0:4:57.34,85.4375,31.32813,59.8125
0:4:57.49,-72.64062,24.32812,-161.4687
0:4:57.64,-89.20313,-10.14063,-179.3281
0:4:57.79,-31.20312,17.17188,-93.8125
0:4:57.94,75.875,28.59375,64.23438
0:4:58.9,54.95313,-7.703125,140.25
0:4:58.23,32.51563,-28.8125,145.0313
0:4:58.37,63.64063,-3.25,122.4062
0:4:58.53,-25.48438,-6.3125,-96.35938
0:4:58.69,-56.125,-10.79687,-197.2656
0:4:58.84,-43.5625,6.8125,-135.5625
0:4:59.0,23.96875,19.79688,31.32813
0:4:59.14,27.64063,-14.76563,139.2187
0:4:59.29,50.90625,-11.48438,148.125
0:4:59.45,63.79688,7.90625,129.1094
0:4:59.61,-17.45313,-9.71875,-87.20313
0:4:59.81,-93.07813,-32.28125,-197.7188
0:4:59.96,-43.84375,1.171875,-124.2656
0:5:0.12,27.51563,18.20313,82.89063
0:5:0.27,25.65625,-27.15625,149.9687
0:5:0.41,36.29688,-25.17188,159.4219
0:5:0.56,59.59375,3.40625,100.3438
0:5:0.70,-48.26562,8.46875,-121.9375
0:5:0.85,-33.625,12.15625,-200.9063
0:5:1.0,-47.15625,1.40625,-130.2656
0:5:1.14,5.28125,6.3125,16.125
0:5:1.29,33.71875,-23.34375,141.5
0:5:1.43,51.67188,-19.92188,136.7813
0:5:1.58,49.3125,-8.921875,120.7812
0:5:1.74,4.65625,-4.265625,-75.3125
0:5:1.89,-60.21875,-7.65625,-158.625
0:5:2.4,-70.65625,-8.59375,-133.8281
0:5:2.23,34.875,24.32812,15.0
0:5:2.37,42.0,-21.0,129.625
0:5:2.52,23.07812,-35.85938,135.4531
0:5:2.67,63.03125,4.234375,130.0156
0:5:2.82,-1.953125,-2.78125,-114.125
0:5:2.97,-64.98437,-25.54688,-157.0156
0:5:3.12,-59.5,-11.20313,-164.2969
0:5:3.27,13.5625,17.90625,-18.76563
0:5:3.42,45.125,-13.64063,150.75
0:5:3.57,84.90625,11.95313,136.6094
0:5:3.72,-8.703125,-35.21875,140.5469
0:5:3.86,45.5625,4.46875,-38.9375
0:5:4.2,-58.67188,-1.65625,-168.5781
0:5:4.16,-71.5625,-11.5,-180.2344
0:5:4.31,-20.42187,6.15625,-76.28125
0:5:4.46,33.48438,-12.04687,134.3594
0:5:4.66,74.17188,7.140625,146.5312
0:5:4.81,38.46875,-13.57813,136.4531
0:5:4.95,27.71875,-6.875,-74.53125
0:5:5.11,-74.10938,-29.96875,-151.7812
0:5:5.26,-60.45312,-19.15625,-170.7187
0:5:5.41,-13.09375,1.671875,-48.90625
0:5:5.56,42.875,9.203125,150.7344
0:5:5.71,54.03125,6.328125,113.9531
0:5:5.86,17.76563,-13.26563,130.3594
0:5:6.1,39.28125,5.203125,13.78125
0:5:6.15,-24.95312,14.29688,-136.0312
0:5:6.31,-70.26563,-10.0625,-179.5469
0:5:6.46,-26.23438,-0.546875,-77.90625
0:5:6.62,41.67188,18.28125,77.96875
0:5:6.78,11.42187,-26.84375,138.9844
0:5:6.93,21.89063,-22.53125,138.3594
0:5:7.17,-9.109375,-15.26563,-53.625
0:5:7.30,-69.875,3.78125,-149.3906
0:5:7.44,-55.375,17.53125,-193.9688
0:5:7.57,-21.9375,9.78125,-91.6875
0:5:7.70,28.53125,6.828125,56.73438
0:5:7.84,35.375,-18.125,151.2187
0:5:7.97,36.0625,-19.625,150.9687
0:5:8.10,47.39063,-14.98438,128.75
0:5:8.24,33.03125,3.265625,-35.71875
0:5:8.38,-40.0,16.79688,-166.0781
0:5:8.52,-63.09375,5.828125,-199.0312
0:5:8.65,-44.04687,-7.0,-98.79687
0:5:8.79,29.45313,4.4375,65.28125
0:5:8.92,41.82813,-13.14062,140.5937
0:5:9.6,12.32813,-36.8125,129.6562
0:5:9.18,23.3125,-30.125,130.5156
0:5:9.36,21.17188,4.78125,-80.96875
0:5:9.50,-53.54688,9.515625,-162.2344
0:5:9.64,-74.29688,0.703125,-165.1562
0:5:9.78,-20.35938,9.359375,-63.8125
0:5:9.91,41.01563,14.75,70.28125
0:5:10.5,41.1875,-16.10938,147.7656
0:5:10.19,43.375,-21.26563,144.4219
0:5:10.33,55.0,-1.828125,109.1406
0:5:10.49,-2.90625,-6.9375,-114.2812
0:5:10.64,-77.42188,-29.48438,-169.0781
0:5:10.79,-59.60938,-2.15625,-138.7969
0:5:10.94,13.67188,32.15625,4.984375
0:5:11.8,31.82812,-25.29688,125.3125
0:5:11.22,68.29688,-6.84375,121.6563
0:5:11.37,43.42187,-17.54688,146.4531
0:5:11.52,76.95313,20.34375,-0.15625
0:5:11.72,-71.67188,-30.26562,-143.5156
0:5:11.86,-103.6562,-46.35938,-185.6875
0:5:12.1,17.98438,18.70313,-14.85938
0:5:12.14,67.40625,21.15625,127.9531
0:5:12.29,60.73438,6.203125,107.8125
0:5:12.43,20.84375,-3.5,120.8594
0:5:12.59,12.75,0.09375,58.51563
0:5:12.74,-55.89063,13.25,-152.7031
0:5:12.88,-54.73438,-1.171875,-184.8125
0:5:13.3,-33.29688,-4.359375,-95.0625
0:5:13.17,33.25,13.39063,56.125
0:5:13.32,25.85938,-17.98438,140.7969
0:5:13.47,42.09375,-14.20313,115.25
0:5:13.62,53.65625,10.4375,104.9062
0:5:13.77,-7.375,-9.421875,-89.62501
0:5:13.92,-79.20312,-31.95313,-151.1875
0:5:14.12,-36.78125,-1.890625,-110.3437
0:5:14.27,40.20313,28.25,50.64063
0:5:14.41,2.390625,-39.75,151.2656
0:5:14.57,56.26563,-9.03125,116.9844
0:5:14.72,52.34375,-2.546875,102.4063
0:5:14.87,-20.51563,-10.32812,-93.70313
0:5:15.2,-61.32813,-12.70313,-151.9531
0:5:15.16,-41.375,1.703125,-159.5156
0:5:15.31,10.10938,13.75,-23.39062
0:5:15.46,35.09375,-18.82813,136.2031
0:5:15.62,40.42188,-16.28125,132.75
0:5:15.78,57.125,-2.8125,131.7031
0:5:15.93,33.75,1.46875,-56.90625
0:5:16.8,-89.34375,-19.59375,-168.6562
0:5:16.22,-69.67187,-15.57813,-180.6562
0:5:16.38,-19.53125,2.953125,-67.79687
0:5:16.59,47.04688,6.375,182.6562
0:5:16.74,45.71875,-15.3125,124.9687
0:5:16.89,19.125,-29.85938,112.1719
0:5:17.4,31.04687,-5.6875,-69.35937
0:5:17.18,-94.5625,-30.60938,-162.25
0:5:17.33,-59.17188,-4.15625,-164.8125
0:5:17.48,-15.21875,9.265625,-45.45312
0:5:17.65,6.8125,-28.42188,152.3906
0:5:17.80,89.89062,9.171875,117.6719
0:5:17.95,24.15625,-28.3125,104.9844
0:5:18.10,65.21875,10.78125,24.1875
0:5:18.25,-39.98438,4.703125,-153.5156
0:5:18.41,-75.1875,-3.671875,-154.5625
0:5:18.57,-9.234375,15.01563,-63.89062
0:5:18.73,33.375,-7.421875,107.4219
0:5:18.88,41.76563,-4.125,101.8438
0:5:19.9,11.21875,-28.65625,102.1875
0:5:19.24,47.5625,1.75,-26.67187
0:5:19.39,-70.20313,-5.078125,-124.9062
0:5:19.55,-56.625,7.296875,-147.1094
0:5:19.71,-3.703125,9.0625,-46.34375
0:5:19.88,38.79688,-4.53125,124.2188
0:5:20.3,52.20313,-2.671875,100.9063
0:5:20.18,17.92188,-23.98438,105.5156
0:5:20.34,58.4375,19.23438,-5.9375
0:5:20.50,-44.35937,8.578125,-127.5
0:5:20.66,-46.09375,3.609375,-138.9531
0:5:20.83,-0.828125,12.20312,-51.23437
0:5:20.99,11.6875,-31.0625,134.4062
0:5:21.15,103.5313,24.39063,81.78125
0:5:21.31,17.875,-14.73438,112.9375
0:5:21.47,19.21875,-15.23438,-27.4375
0:5:21.68,-75.85938,-30.8125,-125.375
0:5:21.84,-40.32813,-7.28125,-86.4375
0:5:22.1,41.78125,24.79687,51.59375
0:5:22.17,29.34375,2.921875,98.78125
0:5:22.32,22.48438,-13.8125,95.625
0:5:22.49,32.76562,0.90625,83.82813
0:5:22.65,-33.8125,5.125,-93.9375
0:5:22.81,-53.01563,-5.03125,-138.9063
0:5:22.96,-20.5,7.78125,-82.04688
0:5:23.14,29.14063,8.21875,50.73438
0:5:23.30,58.23438,19.96875,106.1406
0:5:23.45,33.92188,-5.734375,133.5469
0:5:23.62,28.10938,-5.796875,65.26563
0:5:23.78,-30.23438,16.20313,-137.125
0:5:23.94,-63.32813,3.546875,-167.4531
0:5:24.11,-25.03125,6.03125,-68.95313
0:5:24.35,53.28125,-8.296875,124.7969
0:5:24.49,52.3125,-5.53125,104.8281
0:5:24.64,29.625,-4.34375,107.1875
0:5:24.77,43.14063,6.03125,7.96875
0:5:24.93,-63.45313,-10.45313,-125.4687
0:5:25.7,-52.23438,3.59375,-176.8125
0:5:25.21,-11.85938,5.3125,-79.1875
0:5:25.35,59.40625,29.53125,77.0625
0:5:25.49,6.71875,-16.76563,110.0156
0:5:25.63,-9.140625,-35.29688,128.75
0:5:25.77,53.51563,19.79688,74.125
0:5:25.92,8.890625,-10.76563,-82.32813
0:5:26.6,-89.71875,-32.15625,-119.3594
0:5:26.21,-46.375,-1.140625,-137.4531
0:5:26.35,16.57813,26.6875,-17.84375
0:5:26.50,30.28125,-8.140625,114.9219
0:5:26.69,59.28125,0.796875,113.9063
0:5:26.84,-2.84375,-37.98438,106.6563
0:5:26.98,18.42188,4.984375,-31.89063
0:5:27.13,-49.35937,6.25,-128.8125
0:5:27.27,-49.10938,0.671875,-139.6094
0:5:27.41,-13.20313,10.14063,-57.54688
0:5:27.56,58.375,23.35938,85.45313
0:5:27.70,9.265625,-23.03125,106.0313
0:5:27.85,10.28125,-29.70313,104.6406
0:5:27.99,42.625,4.3125,55.54688
0:5:28.15,-17.90625,2.75,-115.5937
0:5:28.29,-58.89062,-8.0,-125.4687
0:5:28.44,-32.9375,4.0625,-83.79687
0:5:28.59,29.48438,17.34375,34.42188
0:5:28.74,64.89063,0.71875,119.6406
0:5:28.89,70.26563,10.53125,83.70313
0:5:29.8,10.76563,-13.875,94.48438
0:5:29.23,-17.96875,-8.890625,-79.75
0:5:29.37,-99.0625,-25.9375,-126.3594
0:5:29.51,-53.375,0.015625,-128.1719
0:5:29.66,11.09375,26.04687,-39.5625
0:5:29.81,49.8125,-3.0625,106.0156
0:5:29.96,44.57813,-10.32812,108.3125
0:5:30.12,25.17188,-26.42188,126.8594
0:5:30.27,46.51563,16.46875,-19.01563
0:5:30.42,-61.45313,7.6875,-121.1563
0:5:30.58,-37.29687,9.78125,-160.4531
0:5:30.73,-16.125,2.953125,-54.5625
0:5:30.88,39.73438,1.234375,106.5
0:5:31.3,66.42188,12.03125,95.8125
0:5:31.18,13.76562,-22.85938,118.5156
0:5:31.33,50.79688,21.73438,43.42187
0:5:31.52,-40.82813,15.70313,-131.7031
0:5:31.67,-59.79688,1.390625,-136.2813
0:5:31.82,-10.75,19.95313,-70.23438
0:5:31.97,44.53125,13.35938,71.89063
0:5:32.12,35.95313,-11.26562,96.96876
0:5:32.28,9.75,-27.04688,127.4531
0:5:32.43,44.25,19.23438,56.03125
0:5:32.58,-27.17188,4.328125,-103.6719
0:5:32.73,-72.75,-5.953125,-134.4062
0:5:32.88,-25.01563,16.35938,-108.3281
0:5:33.4,38.73438,24.25,10.3125
0:5:33.19,29.01563,-23.67188,123.5156
0:5:33.34,53.625,-12.84375,122.4219
0:5:33.49,7.171875,-31.84375,117.9531
0:5:33.65,30.89062,7.796875,-84.6875
0:5:33.80,-91.57813,-19.04688,-125.4219
0:5:34.0,-25.76563,24.14063,-95.46875
0:5:34.14,26.17188,11.92188,7.28125
0:5:34.31,24.21875,-26.73438,115.8594
0:5:34.46,25.17188,-34.54688,126.0625
0:5:34.61,41.40625,0.125,90.625
0:5:34.76,-17.5,-5.625,-89.34375
0:5:34.92,-68.82813,-18.84375,-119.3125
0:5:35.7,-30.4375,5.875,-113.3281
0:5:35.21,8.328125,16.34375,-10.3125
0:5:35.37,30.34375,-21.10938,109.0156
0:5:35.53,56.1875,-5.515625,88.01562
0:5:35.68,29.51563,-14.20313,110.6406
0:5:35.84,28.10938,-4.96875,-55.6875
0:5:36.0,-78.79688,-25.8125,-116.0625
0:5:36.15,-51.35938,0.234375,-121.125
0:5:36.30,6.0,22.23438,-39.65625
0:5:36.51,27.0625,-11.25,95.6875
0:5:36.68,26.42188,-21.76563,103.1406
0:5:36.83,34.60938,-2.515625,81.60937
0:5:36.98,-17.78125,-11.5,-73.17188
0:5:37.14,-63.51563,-4.984375,-144.7344
0:5:37.30,-38.4375,9.875,-102.8906
0:5:37.46,23.20313,10.76563,37.59375
0:5:37.62,13.125,-30.1875,104.6719
0:5:37.78,50.85938,-6.53125,117.4219
0:5:37.93,-5.171875,-31.84375,68.90625
0:5:38.9,9.4375,5.578125,-90.6875
0:5:38.23,-72.07813,-11.46875,-107.625
0:5:38.39,-20.8125,20.4375,-112.4531
0:5:38.58,11.39063,0.453125,58.6875
0:5:38.74,53.03125,-6.40625,118.4531
0:5:38.90,65.90625,2.25,85.9375
0:5:39.10,31.79688,9.21875,30.73437
0:5:39.26,-54.64063,-4.203125,-92.15625
0:5:39.42,-43.48438,2.921875,-155.5781
0:5:39.58,-13.35938,6.578125,-68.48438
0:5:39.75,51.07812,29.60938,83.40625
0:5:39.91,2.625,-25.01563,123.7969
0:5:40.8,34.75,-14.07813,82.25
0:5:40.22,42.51563,4.921875,35.78125
0:5:40.38,-36.89063,15.09375,-103.0156
0:5:40.54,-61.10938,2.21875,-138.2344
0:5:40.71,-8.3125,11.78125,-68.75
0:5:40.88,37.375,8.6875,79.70313
0:5:41.4,42.67188,-3.0,103.1562
0:5:41.20,24.60938,-21.4375,96.96876
0:5:41.36,40.95313,11.35938,47.5625
0:5:41.56,-61.26563,-2.40625,-113.5
0:5:41.75,-24.01562,3.375,-117.9062
0:5:41.90,8.765625,7.8125,30.46875
0:5:42.5,52.84375,1.21875,126.5937
0:5:42.19,70.5625,23.125,67.14063
0:5:42.33,18.5625,-15.95313,83.60938
0:5:42.47,51.125,16.0625,46.96875
0:5:42.62,-39.96875,4.09375,-102.4063
0:5:42.76,-52.4375,-6.1875,-127.6875
0:5:42.90,-39.59375,0.609375,-75.4375
0:5:43.5,29.40625,19.04688,18.79688
0:5:43.18,13.95313,-19.26563,58.67188
0:5:43.32,36.5,-17.71875,79.17188
0:5:43.47,7.53125,-37.85938,103.8437
0:5:43.61,37.5625,9.359375,41.65625
0:5:43.76,-10.01562,36.8125,-112.875
0:5:43.91,-38.45313,19.95313,-145.4844
0:5:44.10,6.453125,15.1875,-36.92188
0:5:44.25,27.28125,-21.14063,84.60938
0:5:44.39,74.625,3.15625,82.04688
0:5:44.53,41.98438,-9.375,103.5781
0:5:44.68,53.09375,11.67188,71.15625
0:5:44.83,-39.14063,17.57813,-93.17187
0:5:44.97,-51.32813,0.25,-131.2656
0:5:45.12,-21.625,4.125,-113.0781
0:5:45.26,34.79687,22.15625,17.79688
0:5:45.41,17.28125,-17.71875,101.8594
0:5:45.55,82.84375,18.5,99.45313
0:5:45.70,18.98438,-17.03125,111.9531
0:5:45.85,42.76563,2.765625,-18.78125
0:5:46.0,-77.71875,-24.625,-123.0937
0:5:46.14,-51.15625,2.59375,-162.5
0:5:46.29,-8.390625,14.10938,-57.15625
0:5:46.49,9.734375,-25.57812,114.0156
0:5:46.64,55.57813,-8.109375,97.85937
0:5:46.79,34.4375,-13.42188,139.3594
0:5:46.95,27.8125,-6.015625,-43.21875
0:5:47.9,-62.14063,-13.92187,-124.3125
0:5:47.23,-60.51563,5.875,-151.2187
0:5:47.38,0.453125,21.10938,-98.23438
0:5:47.52,45.45312,1.390625,103.5313
0:5:47.68,88.48437,8.25,106.7656
0:5:47.83,34.34375,-10.625,130.5156
0:5:47.98,84.71875,25.20313,38.07813
0:5:48.13,-21.75,8.921875,-132.1719
0:5:48.28,-61.45313,-17.53125,-167.6719
0:5:48.43,-26.9375,1.5,-88.625
0:5:48.59,56.29688,35.59375,89.67188
0:5:48.74,31.59375,-1.921875,97.32813
0:5:48.94,45.26563,1.015625,132.6094
0:5:49.9,48.45313,-2.734375,14.45313
0:5:49.23,-30.89062,9.171875,-136.7188
0:5:49.38,-70.35938,-13.9375,-177.9375
0:5:49.53,-1.171875,28.17188,-83.57813
0:5:49.67,57.21875,38.10938,70.60937
0:5:49.83,25.25,3.84375,133.2344
0:5:49.99,58.57812,19.5625,93.78125
0:5:50.15,72.48437,12.23438,90.42188
0:5:50.31,0.625,13.59375,-109.2188
0:5:50.46,-54.23438,-24.46875,-161.0938
0:5:50.61,-13.15625,0.625,-61.96875
0:5:50.77,38.14063,32.14062,88.17187
0:5:50.94,0.296875,-10.96875,85.84375
0:5:51.9,37.26563,8.171875,90.34375
0:5:51.23,23.79688,3.15625,62.21875
0:5:51.44,-30.59375,8.109375,-129.625
0:5:51.59,-64.375,-11.96875,-162.75
0:5:51.74,-0.09375,16.14063,-37.5
0:5:51.89,67.85938,37.07813,108.0469
0:5:52.6,1.078125,-15.82813,95.53125
0:5:52.20,25.90625,-0.9375,108.9531
0:5:52.35,54.6875,7.40625,-3.21875
0:5:52.51,-57.48437,-21.03125,-114.4844
0:5:52.66,-56.8125,-19.79688,-146.7188
0:5:52.81,-2.015625,5.375,-52.70313
0:5:52.96,18.875,-10.73438,123.3125
0:5:53.14,77.96875,19.0625,78.0625
0:5:53.30,-9.890625,-24.70313,110.1406
0:5:53.45,46.34375,2.96875,-31.92188
0:5:53.60,-75.60937,-25.78125,-124.4219
0:5:53.76,-62.21875,-5.296875,-115.5156
0:5:53.97,49.96875,28.65625,21.71875
0:5:54.13,11.79688,-18.5625,123.2656
0:5:54.29,51.65625,-3.828125,106.8906
0:5:54.44,45.34375,12.34375,87.29688
0:5:54.59,-34.0,-7.296875,-107.1563
0:5:54.76,-70.76562,-32.25,-148.9219
0:5:54.92,-54.03125,-11.6875,-91.53125
0:5:55.7,53.90625,43.23438,67.60938
0:5:55.23,15.14063,-6.90625,125.4062
0:5:55.38,26.79688,-12.45313,128.2187
0:5:55.54,48.32813,14.45313,54.57813
0:5:55.70,-28.92188,16.90625,-146.9687
0:5:55.86,-67.0,-15.40625,-177.4844
0:5:56.2,-22.90625,6.6875,-87.28126
0:5:56.17,34.09375,9.71875,112.25
0:5:56.33,41.04688,-8.59375,151.2344
0:5:56.54,33.9375,-10.625,112.625
0:5:56.71,13.79688,-11.5,-87.6875
0:5:56.87,-68.84375,-21.51562,-151.7969
0:5:57.2,-53.46875,-10.54688,-136.5625
0:5:57.17,27.29687,33.75,13.0625
0:5:57.33,57.04688,2.828125,162.5937
0:5:57.49,27.32813,-25.09375,114.4375
0:5:57.65,54.875,-5.59375,95.71876
0:5:57.81,-15.6875,-13.96875,-102.25
0:5:57.97,-64.46875,-18.84375,-139.2656
0:5:58.13,-42.6875,-5.46875,-125.4219
0:5:58.29,29.70313,21.0,27.35938
0:5:58.46,37.54688,-9.265625,131.6875
0:5:58.62,55.5,1.453125,128.4063
0:5:58.82,50.15625,10.64062,29.76563
0:5:58.96,-15.5,26.34375,-129.8125
0:5:59.15,-70.3125,-17.0625,-171.2969
0:5:59.30,-7.796875,16.09375,-56.45313
0:5:59.44,43.15625,9.75,97.5625
0:5:59.59,22.98438,-14.3125,119.3281
0:5:59.73,24.64062,-14.57813,112.625
0:5:59.88,70.10938,23.6875,61.20313
0:6:0.2,-42.39063,5.828125,-99.09375
0:6:0.14,-46.54687,-9.28125,-144.75
0:6:0.27,-51.82813,-14.4375,-126.6094
0:6:0.41,24.59375,22.125,-18.26563
0:6:0.55,52.15625,14.625,105.5625
0:6:0.69,24.42188,-7.84375,97.23437
0:6:0.82,60.57813,8.59375,110.375
0:6:0.96,41.89063,3.703125,69.34375
0:6:1.9,-61.39062,-6.265625,-92.57813
0:6:1.23,-46.04688,-2.71875,-171.7187
0:6:1.41,-10.5,20.0,-81.89063
0:6:1.56,25.5,16.875,48.71875
0:6:1.70,14.71875,-38.70313,153.6094
0:6:1.83,68.57812,1.75,108.0156
0:6:1.97,32.75,-6.0,110.5
0:6:2.11,19.32813,-6.03125,-54.3125
0:6:2.24,-69.59375,-7.28125,-142.375
0:6:2.37,-59.75,-4.203125,-182.2969
0:6:2.51,-11.82813,14.32813,-83.125
0:6:2.66,35.09375,13.54688,95.25001
0:6:2.79,36.15625,-5.875,139.9063
0:6:2.93,51.32813,-0.515625,138.3438
0:6:3.7,33.5,-7.90625,95.625
0:6:3.20,3.546875,-13.5,-63.03125
0:6:3.34,-58.20313,-12.5,-159.4531
0:6:3.48,-63.26562,-9.046875,-177.6406
0:6:3.67,22.8125,23.64063,15.20313
0:6:3.81,23.42188,-23.79688,136.1406
0:6:3.95,80.39063,19.01563,102.9688
0:6:4.9,44.5,-8.875,129.6094
0:6:4.21,50.75,13.57813,37.92187
0:6:4.35,-66.67188,5.40625,-116.0625
0:6:4.49,-46.40625,-0.53125,-171.0781
0:6:4.63,-45.07813,-14.25,-116.4063
0:6:4.78,33.48438,26.875,40.92187
0:6:4.91,16.20313,-17.95313,139.9687
0:6:5.5,73.95313,8.046875,115.6406
0:6:5.19,17.21875,-28.98438,126.2187
0:6:5.33,39.78125,1.78125,-15.39063
0:6:5.47,-53.70313,7.734375,-152.375
0:6:5.62,-82.10938,-17.51563,-164.4375
0:6:5.77,-1.34375,32.73438,-83.48437
0:6:5.96,39.17188,-14.89063,158.7187
0:6:6.10,68.125,9.96875,112.8281
0:6:6.24,33.73438,-21.73438,118.4375
0:6:6.38,66.40625,13.17188,8.234375
0:6:6.52,-56.64063,14.4375,-137.9844
0:6:6.65,-76.40625,-18.46875,-169.375
0:6:6.80,-43.20313,-6.765625,-100.8125
0:6:6.96,59.96875,41.0625,79.85938
0:6:7.11,23.5,-18.29688,126.7344
0:6:7.25,56.67188,1.75,114.9531
0:6:7.40,61.20313,6.734375,105.0
0:6:7.54,-2.46875,-20.70313,-78.40625
0:6:7.69,-72.15625,-14.35938,-138.6719
0:6:7.83,-40.95313,13.8125,-145.7031
0:6:7.98,14.53125,20.84375,-5.765625
0:6:8.13,28.14063,-34.73438,131.8125
0:6:8.32,48.01563,-14.40625,105.875
0:6:8.46,58.34375,6.46875,98.04688
0:6:8.60,-8.8125,-20.59375,-60.875
0:6:8.74,-72.53125,-12.125,-132.7344
0:6:8.88,-66.57813,3.390625,-129.3281
0:6:9.4,10.20313,31.51562,-28.0625
0:6:9.18,22.54688,-26.07813,87.70312
0:6:9.32,82.82813,2.15625,94.85938
0:6:9.48,31.73438,-18.8125,118.4688
0:6:9.62,57.9375,13.96875,39.45313
0:6:9.77,-44.51562,17.875,-121.0781
0:6:9.92,-73.98438,-4.328125,-150.0781
0:6:10.6,-4.46875,30.26562,-94.32813
0:6:10.22,44.42188,2.671875,81.96876
0:6:10.37,30.14063,-22.625,97.20313
0:6:10.53,43.67188,-7.671875,118.4531
0:6:10.73,24.14063,-5.875,-28.35938
0:6:10.88,-40.375,6.515625,-118.0938
0:6:11.4,-40.71875,11.90625,-142.5469
0:6:11.19,13.01563,25.14063,-1.59375
0:6:11.35,25.90625,-29.28125,108.7188
0:6:11.51,41.20313,-19.21875,99.79688
0:6:11.67,50.375,1.171875,96.0
0:6:11.82,10.82813,-10.5,-68.34375
0:6:11.98,-65.42188,-21.60938,-145.8594
0:6:12.14,-41.54687,6.515625,-109.0
0:6:12.31,42.76563,29.51563,39.48438
0:6:12.46,22.90625,-28.85938,127.2969
0:6:12.62,56.9375,-5.796875,124.4375
0:6:12.78,51.79688,19.96875,66.90625
0:6:12.94,-57.04688,3.453125,-90.09376
0:6:13.10,-77.01562,-6.28125,-172.6406
0:6:13.30,6.015625,30.48438,-71.23437
0:6:13.47,18.78125,-20.20313,108.4531
0:6:13.63,86.10938,20.64063,124.9219
0:6:13.78,21.5625,-15.53125,155.9375
0:6:13.94,27.42188,-10.39063,-53.28125
0:6:14.11,-65.28125,-29.03125,-136.7969
0:6:14.26,-43.3125,-4.46875,-152.2344
0:6:14.43,6.6875,5.953125,-10.90625
0:6:14.59,35.26562,0.9375,128.8281
0:6:14.75,48.73437,6.59375,129.5781
0:6:14.91,30.5625,2.890625,93.73438
0:6:15.7,-38.85938,-4.390625,-101.1875
0:6:15.23,-62.82813,-13.20313,-128.9063
0:6:15.39,-23.96875,12.48438,-113.0156
0:6:15.55,38.07813,17.39063,41.07812
0:6:15.76,-9.78125,-40.59375,128.4688
0:6:15.94,34.70313,-24.375,104.1875
0:6:16.8,41.71875,11.65625,-7.515625
0:6:16.22,-52.10938,23.125,-134.0937
0:6:16.36,-28.67188,21.03125,-181.3594
0:6:16.50,-12.29688,8.609375,-113.7656
0:6:16.64,47.67188,16.71875,94.28125
0:6:16.79,44.3125,9.53125,139.8125
0:6:16.92,44.45313,9.828125,128.9375
0:6:17.6,25.92188,-18.07813,108.4219
0:6:17.19,36.70313,-10.125,-63.4375
0:6:17.34,-92.15625,-27.45312,-127.4375
0:6:17.49,-56.48438,3.703125,-165.0781
0:6:17.64,-8.796875,15.85938,-74.51562
0:6:17.78,49.21875,16.23438,112.9063
0:6:17.93,68.71875,9.46875,120.9375
0:6:18.7,40.125,-4.578125,143.3437
0:6:18.25,65.29687,14.10938,4.8125
0:6:18.40,-48.0625,7.484375,-139.0312
0:6:18.55,-69.10938,-2.40625,-187.7656
0:6:18.70,-4.328125,16.73438,-106.8125
0:6:18.84,53.4375,26.03125,90.15625
0:6:18.98,5.875,-23.6875,150.5156
0:6:19.13,71.53125,14.54688,141.7812
0:6:19.28,35.65625,-0.6875,93.67188
0:6:19.42,-45.4375,4.703125,-101.4687
0:6:19.58,-74.39063,-4.3125,-190.2031
0:6:19.73,-26.25,-7.296875,-126.5312
0:6:19.87,-17.5625,-15.5625,28.67188
0:6:20.2,60.01563,13.23438,122.7031
0:6:20.17,38.07813,0.40625,151.9844
0:6:20.32,38.60938,5.328125,133.9531
0:6:20.47,-12.71875,-12.875,-87.42188
0:6:20.68,-57.79687,-7.40625,-179.7031
0:6:20.82,-42.84375,0.078125,-128.0312
0:6:20.98,54.35937,36.46875,44.95313
0:6:21.14,49.28125,2.0625,137.3125
0:6:21.28,62.96875,19.1875,171.8125
0:6:21.43,51.89063,13.625,103.7656
0:6:21.59,-46.5625,3.453125,-112.8125
0:6:21.73,-59.48438,-12.64063,-199.5469
0:6:21.88,-42.60938,-6.046875,-163.6406
0:6:22.3,25.875,21.21875,39.76563
0:6:22.16,30.48438,-9.171875,143.2812
0:6:22.31,18.75,-25.6875,167.7344
0:6:22.46,73.0625,10.09375,128.2812
0:6:22.63,-12.48438,-5.65625,-103.7656
0:6:22.78,-48.42187,-14.54688,-166.9688
0:6:22.93,-47.03125,-8.296875,-143.3125
0:6:23.13,49.3125,29.03125,64.29688
0:6:23.28,25.07813,-15.0,136.3594
0:6:23.42,46.875,-3.171875,148.1406
0:6:23.57,56.5625,12.10938,95.89063
0:6:23.73,-47.3125,2.609375,-104.875
0:6:23.88,-59.48438,-1.515625,-176.6719
0:6:24.3,-24.39063,19.90625,-142.3594
0:6:24.17,31.4375,22.82813,14.85938
0:6:24.32,13.21875,-23.89063,153.5469
0:6:24.48,29.96875,-26.92188,159.6094
0:6:24.64,48.3125,8.65625,101.3438
0:6:24.80,-44.46875,7.96875,-131.3281
0:6:24.96,-63.59375,-1.9375,-193.4688
0:6:25.11,-24.34375,12.67187,-136.3281
0:6:25.27,44.84375,20.29688,84.70313
0:6:25.42,66.23437,-1.4375,145.3437
0:6:25.62,39.07813,-21.20312,163.2187
0:6:25.78,36.07813,12.45313,-6.859375
0:6:25.93,-72.5,14.48438,-140.0
0:6:26.8,-47.01562,23.46875,-225.5937
0:6:26.23,-15.42188,27.96875,-105.3594
0:6:26.39,26.09375,-10.5625,140.6562
0:6:26.54,65.35938,-14.14063,153.6719
0:6:26.70,54.26563,-17.8125,159.7656
0:6:26.86,5.78125,4.375,9.8125
0:6:27.1,-64.48438,10.03125,-138.7344
0:6:27.16,-48.95313,33.10938,-224.6875
0:6:27.32,-22.125,26.25,-81.67188
0:6:27.47,9.546875,-51.95313,127.5
0:6:27.63,133.3437,5.375,156.125
0:6:27.79,50.07813,-34.75,149.7656
0:6:27.95,21.9375,-1.40625,-4.25
0:6:28.15,-41.60938,20.01563,-192.2812
0:6:28.30,-51.78125,11.35938,-200.2187
0:6:28.45,16.65625,28.0,-0.0625
0:6:28.62,12.70313,-49.82812,193.4375
0:6:28.77,53.46875,-22.92187,160.7656
0:6:28.94,56.21875,-9.546875,115.9375
0:6:29.11,-11.25,6.515625,-121.9844
0:6:29.27,-53.64063,10.1875,-214.9531
0:6:29.42,-34.34375,12.17188,-141.7969
0:6:29.58,18.65625,3.078125,43.35938
0:6:29.74,30.10937,-30.26562,168.75
0:6:29.90,63.28125,-7.125,178.9219
0:6:30.7,55.51563,8.046875,64.85938
0:6:30.22,-38.375,3.53125,-106.875
0:6:30.38,-55.60937,9.890625,-208.6562
0:6:30.54,-49.07813,-4.203125,-139.9687
0:6:30.74,49.5625,-1.453125,141.2031
0:6:30.90,91.71875,6.140625,143.5938
